{"name":"745fce1e-d6c0-4999-a5fb-f5d11edb0e80","id":"/providers/Microsoft.Flow/flows/745fce1e-d6c0-4999-a5fb-f5d11edb0e80","type":"Microsoft.Flow/flows","properties":{"apiId":"/providers/Microsoft.PowerApps/apis/shared_logicflows","displayName":"Reading image/pdf files inside folder and merging all into a PDF file","definition":{"metadata":{"workflowEntityId":null,"processAdvisorMetadata":null,"flowclientsuspensionreason":"None","flowclientsuspensiontime":null,"creator":{"id":"54fe5287-1ca9-4f8b-839c-33dd7c8d5d40","type":"User","tenantId":"1fba7d1f-b631-4fa5-a584-3251186d4884"},"provisioningMethod":"FromDefinition","failureAlertSubscription":true,"clientLastModifiedTime":"2021-05-30T16:40:52.906544Z"},"$schema":"https://schema.management.azure.com/providers/Microsoft.Logic/schemas/2016-06-01/workflowdefinition.json#","contentVersion":"1.0.0.0","parameters":{"$connections":{"defaultValue":{},"type":"Object"},"$authentication":{"defaultValue":{},"type":"SecureObject"}},"triggers":{"When_an_item_or_a_file_is_modified":{"recurrence":{"frequency":"Minute","interval":5},"splitOn":"@triggerOutputs()?['body/value']","type":"OpenApiConnection","inputs":{"host":{"apiId":"/providers/Microsoft.PowerApps/apis/shared_sharepointonline","connectionName":"shared_sharepointonline","operationId":"GetOnChangedItems"},"parameters":{"dataset":"https://ltapps35.sharepoint.com/","table":"12e8dc2c-d2fa-4d06-8105-6aaae722e663","view":"7e833db0-6c41-443d-8f0b-d85fba89e6a0"},"authentication":"@parameters('$authentication')"}}},"actions":{"Initialize_variable_-_numberOfPdfs":{"runAfter":{},"type":"InitializeVariable","inputs":{"variables":[{"name":"numberOfPdfs","type":"integer","value":0}]}},"Initialize_variable_-_htmlImageString":{"runAfter":{"Initialize_variable_-_numberOfPdfs":["Succeeded"]},"type":"InitializeVariable","inputs":{"variables":[{"name":"htmlImageString","type":"string"}]}},"Initialize_variable_-_combinedHtmlImageString":{"runAfter":{"Initialize_variable_-_htmlImageString":["Succeeded"]},"type":"InitializeVariable","inputs":{"variables":[{"name":"combinedHtmlImageString","type":"string"}]}},"Initialize_variable_-_array_storing_all_images_or_pdfs":{"runAfter":{"Initialize_variable_-_combinedHtmlImageString":["Succeeded"]},"type":"InitializeVariable","inputs":{"variables":[{"name":"arrItems","type":"array"}]}},"Initialize_variable_-_arrayPdfFiles":{"runAfter":{"Initialize_variable_-_array_storing_all_images_or_pdfs":["Succeeded"]},"type":"InitializeVariable","inputs":{"variables":[{"name":"arrayPdfFiles","type":"array"}]}},"Compose_-_Html_string":{"runAfter":{"Initialize_variable_-_arrayPdfFiles":["Succeeded"]},"type":"Compose","inputs":"@triggerOutputs()?['body/Html']"},"Get_items":{"runAfter":{"Compose_-_Html_string":["Succeeded"]},"type":"OpenApiConnection","inputs":{"host":{"apiId":"/providers/Microsoft.PowerApps/apis/shared_sharepointonline","connectionName":"shared_sharepointonline","operationId":"GetItems"},"parameters":{"dataset":"https://ltapps35.sharepoint.com/","table":"AttachmentsInvoice","folderPath":"/AttachmentsInvoice/@{triggerOutputs()?['body/ID']}","view":"2b84a16b-6424-4d41-a3f0-3ab69da5e1af"},"authentication":"@parameters('$authentication')"}},"Apply_to_each_-_Build_an_array_of_images_and_pdfs":{"foreach":"@outputs('Get_items')?['body/value']","actions":{"Append_to_array_variable":{"runAfter":{},"type":"AppendToArrayVariable","inputs":{"name":"arrItems","value":"/@{items('Apply_to_each_-_Build_an_array_of_images_and_pdfs')?['{FullPath}']}"}}},"runAfter":{"Get_items":["Succeeded"]},"type":"Foreach"},"Apply_to_each_-_-_loop_through_array_items_whose_the_type_is_image":{"foreach":"@variables('arrItems')","actions":{"Condition":{"actions":{"Get_file_content_using_path":{"runAfter":{},"type":"OpenApiConnection","inputs":{"host":{"apiId":"/providers/Microsoft.PowerApps/apis/shared_sharepointonline","connectionName":"shared_sharepointonline","operationId":"GetFileContentByPath"},"parameters":{"dataset":"https://ltapps35.sharepoint.com/","path":"@item()","inferContentType":true},"authentication":"@parameters('$authentication')"}},"Set_variable_-_current_image_string":{"runAfter":{"Get_file_content_using_path":["Succeeded"]},"type":"SetVariable","inputs":{"name":"htmlImageString","value":"<img src=\"@{dataUri(outputs('Get_file_content_using_path')?['body'])}\"></img><br><br><br>"}},"Compose_-_concate_the_string":{"runAfter":{"Set_variable_-_current_image_string":["Succeeded"]},"type":"Compose","inputs":"@concat(variables('combinedHtmlImageString'),variables('htmlImageString'))"},"Set_variable":{"runAfter":{"Compose_-_concate_the_string":["Succeeded"]},"type":"SetVariable","inputs":{"name":"combinedHtmlImageString","value":"@{outputs('Compose_-_concate_the_string')}"}}},"runAfter":{},"expression":{"not":{"contains":["@item()",".pdf"]}},"type":"If","description":"if current file is not a pdf, it is an image one"}},"runAfter":{"Apply_to_each_-_Build_an_array_of_images_and_pdfs":["Succeeded"]},"type":"Foreach"},"Compose_-_Concat_image_string_at_the_tail_of_the_html_string":{"runAfter":{"Apply_to_each_-_-_loop_through_array_items_whose_the_type_is_image":["Succeeded"]},"type":"Compose","inputs":"@concat(outputs('Compose_-_Html_string'),variables('combinedHtmlImageString'))"},"Convert_HTML_to_PDF":{"runAfter":{"Compose_-_Concat_image_string_at_the_tail_of_the_html_string":["Succeeded"]},"type":"OpenApiConnection","inputs":{"host":{"apiId":"/providers/Microsoft.PowerApps/apis/shared_plumsail","connectionName":"shared_plumsail","operationId":"FlowV1DocumentsJobsHtml2PdfPost"},"parameters":{"request/html":"@outputs('Compose_-_Concat_image_string_at_the_tail_of_the_html_string')","request/size":"A4","request/orientation":"Portrait"},"authentication":"@parameters('$authentication')"}},"Apply_to_each_-_loop_through_array_items_whose_the_type_is_pdf":{"foreach":"@variables('arrItems')","actions":{"Condition_2":{"actions":{"Get_file_content_using_path_-_get_pdf_encoded_string":{"runAfter":{},"type":"OpenApiConnection","inputs":{"host":{"apiId":"/providers/Microsoft.PowerApps/apis/shared_sharepointonline","connectionName":"shared_sharepointonline","operationId":"GetFileContentByPath"},"parameters":{"dataset":"https://ltapps35.sharepoint.com/","path":"@item()","inferContentType":true},"authentication":"@parameters('$authentication')"}},"Append_to_array_-_arrayPdfFiles":{"runAfter":{"Get_file_content_using_path_-_get_pdf_encoded_string":["Succeeded"]},"type":"AppendToArrayVariable","inputs":{"name":"arrayPdfFiles","value":"@outputs('Get_file_content_using_path_-_get_pdf_encoded_string')?['body']"}}},"runAfter":{},"expression":{"contains":["@item()",".pdf"]},"type":"If"}},"runAfter":{"Convert_HTML_to_PDF":["Succeeded"]},"type":"Foreach"},"Merge_PDF_-_Array_of_uploaded_PDFs":{"runAfter":{"Apply_to_each_-_loop_through_array_items_whose_the_type_is_pdf":["Succeeded"]},"type":"OpenApiConnection","inputs":{"host":{"apiId":"/providers/Microsoft.PowerApps/apis/shared_plumsail","connectionName":"shared_plumsail","operationId":"FlowV1DocumentsJobsMergePdfPost"},"parameters":{"request/documentsContents":"@variables('arrayPdfFiles')"},"authentication":"@parameters('$authentication')"}},"Merge_PDF":{"runAfter":{"Merge_PDF_-_Array_of_uploaded_PDFs":["Succeeded"]},"type":"OpenApiConnection","inputs":{"host":{"apiId":"/providers/Microsoft.PowerApps/apis/shared_plumsail","connectionName":"shared_plumsail","operationId":"FlowV1DocumentsJobsMergePdfPost"},"parameters":{"request/documentsContents":["@outputs('Convert_HTML_to_PDF')?['body/fileContent']","@outputs('Merge_PDF_-_Array_of_uploaded_PDFs')?['body']"]},"authentication":"@parameters('$authentication')"}},"Loop_through_all_the_users_sending_email":{"foreach":"@triggerOutputs()?['body/SendTo']","actions":{"Send_an_email_(V2)":{"runAfter":{},"type":"OpenApiConnection","inputs":{"host":{"apiId":"/providers/Microsoft.PowerApps/apis/shared_office365","connectionName":"shared_office365","operationId":"SendEmailV2"},"parameters":{"emailMessage/To":"@items('Loop_through_all_the_users_sending_email')?['Email']","emailMessage/Subject":"Combine and generat a new PDF file","emailMessage/Body":"<p>attached PDF</p>","emailMessage/Attachments":[{"Name":"GeneratedPDF.pdf","ContentBytes":"@outputs('Merge_PDF')?['body']"}]},"authentication":"@parameters('$authentication')"}}},"runAfter":{"Merge_PDF":["Succeeded"]},"type":"Foreach"}}},"connectionReferences":{"shared_sharepointonline":{"connectionName":"shared-sharepointonl-40280d9c-ced4-4e03-9d01-f770-685f4ac7","source":"Embedded","id":"/providers/Microsoft.PowerApps/apis/shared_sharepointonline","tier":"NotSpecified"},"shared_plumsail":{"connectionName":"shared-plumsail-1570c9ad-ea49-4ef9-8c0e-3952-62a3e41a","source":"Embedded","id":"/providers/Microsoft.PowerApps/apis/shared_plumsail","tier":"NotSpecified"},"shared_office365":{"connectionName":"shared-office365-c556c29a-1bd4-4df1-a3ca-bf59-271addbc","source":"Embedded","id":"/providers/Microsoft.PowerApps/apis/shared_office365","tier":"NotSpecified"}},"flowFailureAlertSubscribed":false}}