{"schemaVersion":"1.0","appDefinitionTemplate":{"id":"/providers/Microsoft.PowerApps/apps/","type":"Microsoft.PowerApps/apps","tags":{"primaryDeviceWidth":"1366","primaryDeviceHeight":"768","sienaVersion":"20200430T185735Z-3.20023.8.0","deviceCapabilities":"","supportsPortrait":"false","supportsLandscape":"true","primaryFormFactor":"Tablet","publisherVersion":"3.20023.8","minimumRequiredApiVersion":"2.2.0","hasComponent":"false","hasUnlockedComponent":"false"},"properties":{"appVersion":"2020-04-30T18:57:35Z","lifeCycleId":"Published","createdByClientVersion":{"major":3,"minor":20023,"build":8,"revision":0,"majorRevision":0,"minorRevision":0},"minClientVersion":{"major":3,"minor":20023,"build":8,"revision":0,"majorRevision":0,"minorRevision":0},"backgroundColor":"rgba(0, 176, 240, 1)","backgroundImageUri":"/6838610797817202241/N6f8afe1c-5e63-4756-90d3-16a015871201-logoSmallFile","displayName":"Device Ordering App","description":"","commitMessage":"","appUris":{"documentUri":{"value":"/6838610797817202241/Nc2f8ea14-e5d9-4fd8-a9ef-0884ba59bd80-document.msapp","readonlyValue":"/6838610797817202241/Nc2f8ea14-e5d9-4fd8-a9ef-0884ba59bd80-document.msapp"},"imageUris":[]},"createdTime":"0001-01-01T00:00:00Z","lastModifiedTime":"0001-01-01T00:00:00Z","sharedGroupsCount":0,"sharedUsersCount":0,"icons":{"smallIconUri":"/6838610797817202241/N0009886a-3d2e-4e06-b1aa-6ac9834acc47-small.png","mediumIconUri":"/6838610797817202241/Ne178e588-3edc-4d1e-9282-f1fe272eb7cc-medium.png","largeIconUri":"/6838610797817202241/N8cea077b-f160-4c7d-b516-c6a6c0961bdc-large.png","wideIconUri":"/6838610797817202241/Na7ff1da7-4585-4ca5-8e11-eaf19aff546d-wide.png"},"connectionReferences":{},"databaseReferences":{},"almMode":"Solution","performanceOptimizationEnabled":false,"canConsumeAppPass":true},"isAppComponentLibrary":false,"appType":"ClassicCanvasApp","appComponents":[]}}