<ImportExportXml xmlns:xsi="http://www.w3.org/2001/XMLSchema-instance">
  <Entities></Entities>
  <Roles></Roles>
  <Workflows></Workflows>
  <FieldSecurityProfiles></FieldSecurityProfiles>
  <Templates />
  <EntityMaps />
  <EntityRelationships />
  <OrganizationSettings />
  <optionsets />
  <CustomControls />
  <EntityDataProviders />
  <CanvasApps>
    <CanvasApp>
      <Name>cred1_deviceorderingapp_799b3</Name>
      <AppVersion>2020-03-31T12:18:35Z</AppVersion>
      <Status>Ready</Status>
      <CreatedByClientVersion>3.20022.21.0</CreatedByClientVersion>
      <MinClientVersion>3.20022.21.0</MinClientVersion>
      <Tags>{"primaryDeviceWidth":"1136","primaryDeviceHeight":"640","sienaVersion":"20200331T121835Z-3.20022.21.0","deviceCapabilities":"","supportsPortrait":"false","supportsLandscape":"true","primaryFormFactor":"Phone","publisherVersion":"3.20022.21","minimumRequiredApiVersion":"2.2.0","hasComponent":"false","hasUnlockedComponent":"false"}</Tags>
      <IsCdsUpgraded>0</IsCdsUpgraded>
      <GalleryItemId xsi:nil="true"></GalleryItemId>
      <BackgroundColor>rgba(0, 134, 208, 1)</BackgroundColor>
      <DisplayName>Device Ordering App</DisplayName>
      <Description xsi:nil="true"></Description>
      <CommitMessage xsi:nil="true"></CommitMessage>
      <Publisher xsi:nil="true"></Publisher>
      <AuthorizationReferences xsi:nil="true"></AuthorizationReferences>
      <ConnectionReferences>{}</ConnectionReferences>
      <DatabaseReferences>{}</DatabaseReferences>
      <BypassConsent>0</BypassConsent>
      <AdminControlBypassConsent>0</AdminControlBypassConsent>
      <EmbeddedApp xsi:nil="true"></EmbeddedApp>
      <IntroducedVersion>1.0</IntroducedVersion>
      <CdsDependencies>{"cdsdependencies":[]}</CdsDependencies>
      <BackgroundImageUri>/CanvasApps/cred1_deviceorderingapp_799b3_BackgroundImageUri</BackgroundImageUri>
      <DocumentUri>/CanvasApps/cred1_deviceorderingapp_799b3_DocumentUri.msapp</DocumentUri>
    </CanvasApp>
    <CanvasApp>
      <Name>cred1_myfirstcanvasapp_d1013</Name>
      <AppVersion>2020-03-29T13:57:24Z</AppVersion>
      <Status>Ready</Status>
      <CreatedByClientVersion>3.20022.21.0</CreatedByClientVersion>
      <MinClientVersion>3.20022.21.0</MinClientVersion>
      <Tags>{"primaryDeviceWidth":"640","primaryDeviceHeight":"1136","sienaVersion":"20200329T135724Z-3.20022.21.0","deviceCapabilities":"","supportsPortrait":"true","supportsLandscape":"false","primaryFormFactor":"Phone","publisherVersion":"3.20022.21","minimumRequiredApiVersion":"2.2.0","hasComponent":"false","hasUnlockedComponent":"false"}</Tags>
      <IsCdsUpgraded>0</IsCdsUpgraded>
      <GalleryItemId xsi:nil="true"></GalleryItemId>
      <BackgroundColor>rgba(0, 99, 177, 1)</BackgroundColor>
      <DisplayName>My First Canvas App</DisplayName>
      <Description xsi:nil="true"></Description>
      <CommitMessage xsi:nil="true"></CommitMessage>
      <Publisher xsi:nil="true"></Publisher>
      <AuthorizationReferences xsi:nil="true"></AuthorizationReferences>
      <ConnectionReferences>{"38d1a890-1ea9-4ca2-b2b3-eaac8ab1be6f":{"id":"/providers/microsoft.powerapps/apis/shared_googlesheet","displayName":"Google Sheets","iconUri":"https://connectoricons-prod.azureedge.net/googlesheet/icon_1.0.1313.1917.png","dataSources":["Sheet1"],"dependencies":[],"dependents":[],"parameterHints":{},"isOnPremiseConnection":false,"bypassConsent":false,"dataSets":{"1c6qmxxNFtArxGxYtXLPalZA5PLPYTuY0YtTwPtK-nbo":{"dataSources":{"Sheet1":{"tableName":"0"}}}},"apiTier":"Standard"}}</ConnectionReferences>
      <DatabaseReferences>{}</DatabaseReferences>
      <BypassConsent>0</BypassConsent>
      <AdminControlBypassConsent>0</AdminControlBypassConsent>
      <EmbeddedApp xsi:nil="true"></EmbeddedApp>
      <IntroducedVersion>1.0</IntroducedVersion>
      <CdsDependencies>{"cdsdependencies":[]}</CdsDependencies>
      <BackgroundImageUri>/CanvasApps/cred1_myfirstcanvasapp_d1013_BackgroundImageUri</BackgroundImageUri>
      <DocumentUri>/CanvasApps/cred1_myfirstcanvasapp_d1013_DocumentUri.msapp</DocumentUri>
    </CanvasApp>
  </CanvasApps>
  <Languages>
    <Language>1033</Language>
  </Languages>
</ImportExportXml>