{"name":"e2b72a92-21a7-42a4-8fc6-e2ecbb765353","id":"/providers/Microsoft.Flow/flows/e2b72a92-21a7-42a4-8fc6-e2ecbb765353","type":"Microsoft.Flow/flows","properties":{"apiId":"/providers/Microsoft.PowerApps/apis/shared_logicflows","displayName":"[CCD] Scheduled flow to backup a SP List - List \"LoyaltyMembers\"","definition":{"metadata":{"workflowEntityId":null,"flowclientsuspensionreason":"None","flowclientsuspensiontime":null,"creator":{"id":"fe482010-fd3a-48a6-a58a-dcbe7f237108","type":"User","tenantId":"1fd1dfc4-e5e3-4d37-addb-3eca411ecaec"},"provisioningMethod":"FromDefinition","failureAlertSubscription":true,"clientLastModifiedTime":"2020-10-20T07:30:37.9887974Z"},"$schema":"https://schema.management.azure.com/providers/Microsoft.Logic/schemas/2016-06-01/workflowdefinition.json#","contentVersion":"1.0.0.0","parameters":{"$connections":{"defaultValue":{},"type":"Object"},"$authentication":{"defaultValue":{},"type":"SecureObject"}},"triggers":{"Recurrence":{"recurrence":{"frequency":"Hour","interval":24,"timeZone":"SE Asia Standard Time","startTime":"2020-10-13T17:00:00.000Z"},"type":"Recurrence"}},"actions":{"Initialize_arrItems":{"runAfter":{},"type":"InitializeVariable","inputs":{"variables":[{"name":"arrItems","type":"array","value":[]}]}},"Initialize_intID":{"runAfter":{"Initialize_arrItems":["Succeeded"]},"type":"InitializeVariable","inputs":{"variables":[{"name":"intID","type":"integer","value":0}]}},"Initialize_boolEmpty":{"runAfter":{"Initialize_intID":["Succeeded"]},"type":"InitializeVariable","inputs":{"variables":[{"name":"boolEmpty","type":"boolean","value":"@false"}]}},"Do_until":{"actions":{"Get_items_2":{"runAfter":{},"type":"OpenApiConnection","inputs":{"host":{"apiId":"/providers/Microsoft.PowerApps/apis/shared_sharepointonline","connectionName":"shared_sharepointonline","operationId":"GetItems"},"parameters":{"dataset":"https://novaland.sharepoint.com/Sale/CCD","table":"4a9f24a2-564e-484e-a0cd-7dbdf1ce071e","$filter":"ID gt @{variables('intID')}","$top":5000,"view":"026d25ff-855d-4803-b19b-7be39730e99d"},"authentication":"@parameters('$authentication')"}},"Select":{"runAfter":{"Get_items_2":["Succeeded"]},"type":"Select","inputs":{"from":"@outputs('Get_items_2')?['body/value']","select":{"ID":"@item()?['ID']","Verified":"@item()?['Verified']","Status":"@item()?['Status']","Reason":"@item()?['Reason']","CustomerID":"@item()?['Title']","CustomerName":"@item()?['CustomerName']","CustomerBirthday":"@item()?['CustomerBirthday']","CustomerMobile":"@item()?['CustomerMobile']","SalesMobilePhone":"@item()?['SalesMobilePhone']","CustomerEmail":"@item()?['CustomerEmail']","Street":"@item()?['Street']","District":"@item()?['District']","City":"@item()?['City']","Owned":"@item()?['Owned']","MemberDate":"@item()?['MemberDate']","OwnedProject":"@item()?['OwnedProject']","SalesOneContact":"@item()?['SalesOneContact']","CustomerSource":"@item()?['CustomerSource']","CustomerGender":"@item()?['CustomerGender']","DateCreated":"@item()?['Created']","CreatedBy":"@item()?['Author']","CreatedByEmail":"@item()?['Author/Email']","SGD":"@item()?['SGD']"}}},"Compose_-_Union_result_with_arrItems":{"runAfter":{"Select":["Succeeded"]},"type":"Compose","inputs":"@union(variables('arrItems'),body('Select'))"},"Set_variable_-_Set_arrItems_to_Union_Value":{"runAfter":{"Compose_-_Union_result_with_arrItems":["Succeeded"]},"type":"SetVariable","inputs":{"name":"arrItems","value":"@outputs('Compose_-_Union_result_with_arrItems')"}},"Set_the_variable_intID_to_the_last_item_collected_by_the_get_items_action":{"runAfter":{"Set_variable_-_Set_arrItems_to_Union_Value":["Succeeded"]},"type":"SetVariable","inputs":{"name":"intID","value":"@last(body('Get_items_2')?['value']).ID"}},"Set_boolEmpty_to_True_if_no_more_SharePoint_items":{"runAfter":{"Set_the_variable_intID_to_the_last_item_collected_by_the_get_items_action":["Succeeded","Failed"]},"type":"SetVariable","inputs":{"name":"boolEmpty","value":"@empty(body('Get_items_2')?['value'])"}}},"runAfter":{"Initialize_boolEmpty":["Succeeded"]},"expression":"@equals(variables('boolEmpty'), true)","limit":{"count":60,"timeout":"PT1H"},"type":"Until"},"Apply_to_each":{"foreach":"@variables('arrItems')","actions":{"Add_a_row_into_a_table":{"runAfter":{},"metadata":{"012RTGX5UK55GC2NK2FBDZTVXZZJQOOVRF":"/Loyalty - SPList Backup/PowerAutomate/LoyaltyMembers_Backup.xlsx","tableId":"@outputs('Create_table')?['body/name']"},"type":"OpenApiConnection","inputs":{"host":{"apiId":"/providers/Microsoft.PowerApps/apis/shared_excelonlinebusiness","connectionName":"shared_excelonlinebusiness","operationId":"AddRowV2"},"parameters":{"source":"me","drive":"b!LqSD2ZKfgUmu4KA_vm1Znpcz0C6acd5DmdgVY3WBQVvpNB-tXaUiQK0raNbM87iy","file":"012RTGX5UK55GC2NK2FBDZTVXZZJQOOVRF","table":"@outputs('Create_table')?['body/name']","item":{"Verified":"@{items('Apply_to_each')['Verified']}","Status":"@{items('Apply_to_each')['Status']}","Reason":"@{items('Apply_to_each')['Reason']}","CustomerID":"@{items('Apply_to_each')['CustomerID']}","CustomerName":"@{items('Apply_to_each')['CustomerName']}","CustomerBirthday":"@{items('Apply_to_each')['CustomerBirthday']}","CustomerMobile":"@{items('Apply_to_each')['CustomerMobile']}","SalesMobilePhone":"@{items('Apply_to_each')['SalesMobilePhone']}","CustomerEmail":"@{items('Apply_to_each')['CustomerEmail']}","Street":"@{items('Apply_to_each')['Street']}","District":"@{items('Apply_to_each')['District']}","City":"@{items('Apply_to_each')['City']}","Owned":"@{items('Apply_to_each')['Owned']}","MemberDate":"@{items('Apply_to_each')['MemberDate']}","OwnedProject":"@{items('Apply_to_each')['OwnedProject']}","SalesOneContact":"@{items('Apply_to_each')['SalesOneContact']}","CustomerSource":"@{items('Apply_to_each')['CustomerSource']}","CustomerGender":"@{items('Apply_to_each')['CustomerGender']}","DateCreated":"@{items('Apply_to_each')['DateCreated']}","CreatedBy":"@{items('Apply_to_each')['CreatedBy']}","CreatedByEmail":"@{items('Apply_to_each')['CreatedByEmail']}","SGD":"@{items('Apply_to_each')['SGD']}"}},"authentication":"@parameters('$authentication')"}}},"runAfter":{"Delay":["Succeeded"]},"type":"Foreach"},"Create_worksheet":{"runAfter":{"Compose_-_Get_year_of_current_time_string":["Succeeded"]},"metadata":{"012RTGX5QDY4TS3KGYG5GZQBB2NKJMZTVW":"/Loyalty - SPList Backup/PowerAutomate/Loyalty_Backup.xlsx","tableId":null,"012RTGX5RJ6T4OQOZ2YFDY4Q4MQFYRVH53":"/Loyalty - SPList Backup/PowerAutomate/Loyalty_Backup.xlsx","012RTGX5UK55GC2NK2FBDZTVXZZJQOOVRF":"/Loyalty - SPList Backup/PowerAutomate/LoyaltyMembers_Backup.xlsx"},"type":"OpenApiConnection","inputs":{"host":{"apiId":"/providers/Microsoft.PowerApps/apis/shared_excelonlinebusiness","connectionName":"shared_excelonlinebusiness","operationId":"CreateWorksheet"},"parameters":{"source":"me","drive":"b!LqSD2ZKfgUmu4KA_vm1Znpcz0C6acd5DmdgVY3WBQVvpNB-tXaUiQK0raNbM87iy","file":"012RTGX5UK55GC2NK2FBDZTVXZZJQOOVRF","body/name":"Testing_1"},"authentication":"@parameters('$authentication')"}},"Create_table":{"runAfter":{"Create_worksheet":["Succeeded"]},"metadata":{"012RTGX5QDY4TS3KGYG5GZQBB2NKJMZTVW":"/Loyalty - SPList Backup/PowerAutomate/template.xlsx","tableId":null,"012RTGX5RJ6T4OQOZ2YFDY4Q4MQFYRVH53":"/Loyalty - SPList Backup/PowerAutomate/Loyalty_Backup.xlsx","012RTGX5UK55GC2NK2FBDZTVXZZJQOOVRF":"/Loyalty - SPList Backup/PowerAutomate/LoyaltyMembers_Backup.xlsx"},"type":"OpenApiConnection","inputs":{"host":{"apiId":"/providers/Microsoft.PowerApps/apis/shared_excelonlinebusiness","connectionName":"shared_excelonlinebusiness","operationId":"CreateTable"},"parameters":{"source":"me","drive":"b!LqSD2ZKfgUmu4KA_vm1Znpcz0C6acd5DmdgVY3WBQVvpNB-tXaUiQK0raNbM87iy","file":"012RTGX5UK55GC2NK2FBDZTVXZZJQOOVRF","table/Range":"@{outputs('Create_worksheet')?['body/name']}!$A$1:$V$2","table/TableName":"@outputs('Create_worksheet')?['body/name']","table/ColumnsNames":"Verified,Status,Reason,CustomerID,CustomerName,CustomerBirthday,CustomerMobile,SalesMobilePhone,CustomerEmail,Street,District,City,Owned,MemberDate,OwnedProject,SalesOneContact,CustomerSource,CustomerGender,DateCreated,CreatedBy,CreatedByEmail,SGD"},"authentication":"@parameters('$authentication')"}},"Delay":{"runAfter":{"Create_table":["Succeeded"]},"type":"Wait","inputs":{"interval":{"count":5,"unit":"Second"}}},"Current_time":{"runAfter":{"Do_until":["Succeeded"]},"type":"Expression","kind":"CurrentTime","inputs":{}},"Convert_time_zone":{"runAfter":{"Current_time":["Succeeded"]},"type":"Expression","kind":"ConvertTimeZone","inputs":{"baseTime":"@body('Current_time')","formatString":"d","sourceTimeZone":"UTC","destinationTimeZone":"SE Asia Standard Time"}},"Compose_-_current_time_string":{"runAfter":{"Convert_time_zone":["Succeeded"]},"type":"Compose","inputs":"@body('Convert_time_zone')"},"Compose_-_Get_month_of_current_time_string":{"runAfter":{"Compose_-_current_time_string":["Succeeded"]},"type":"Compose","inputs":"@first(split(outputs('Compose_-_current_time_string'),'/'))"},"Compose_-_Get_day_of_current_time_string":{"runAfter":{"Compose_-_Get_month_of_current_time_string":["Succeeded"]},"type":"Compose","inputs":"@first(skip(split(outputs('Compose_-_Current_time_string'),'/'),1))"},"Compose_-_Get_year_of_current_time_string":{"runAfter":{"Compose_-_Get_day_of_current_time_string":["Succeeded"]},"type":"Compose","inputs":"@first(skip(split(outputs('Compose_-_Current_time_string'),'/'),2))"}}},"connectionReferences":{"shared_sharepointonline":{"connectionName":"shared-sharepointonl-7cadbb4c-387d-4ee0-be99-9633-1bab135e","source":"Embedded","id":"/providers/Microsoft.PowerApps/apis/shared_sharepointonline","tier":"NotSpecified"},"shared_excelonlinebusiness":{"connectionName":"shared-excelonlinebu-d3a010e2-9990-40d7-b91e-cf48-1c2d5511","source":"Embedded","id":"/providers/Microsoft.PowerApps/apis/shared_excelonlinebusiness","tier":"NotSpecified"}},"flowFailureAlertSubscribed":false}}