{"schemaVersion":"1.0","appDefinitionTemplate":{"id":"/providers/Microsoft.PowerApps/apps/","type":"Microsoft.PowerApps/apps","tags":{"primaryDeviceWidth":"1366","primaryDeviceHeight":"768","sienaVersion":"20210208T101311Z-3.21014.33.0","deviceCapabilities":"","supportsPortrait":"false","supportsLandscape":"true","primaryFormFactor":"Tablet","publisherVersion":"3.21014.33","minimumRequiredApiVersion":"2.2.0","hasComponent":"true","hasUnlockedComponent":"true","isUnifiedRootApp":"false"},"properties":{"appVersion":"2021-02-08T10:13:11Z","lifeCycleId":"Published","createdByClientVersion":{"major":3,"minor":21014,"build":33,"revision":0,"majorRevision":0,"minorRevision":0},"minClientVersion":{"major":3,"minor":21014,"build":33,"revision":0,"majorRevision":0,"minorRevision":0},"backgroundColor":"rgba(0, 176, 240, 1)","backgroundImageUri":"/5923210386076947795/Ncff6bf81-dd5b-4ca4-9d1a-0d2edc2e6f14-logoSmallFile","displayName":"[Poc]Timesheet Management","description":"","commitMessage":"","appUris":{"documentUri":{"value":"/5923210386076947795/N6d342cd4-bcba-4cef-89a5-34cf7b1d3a3a-document.msapp"},"imageUris":[]},"createdTime":"0001-01-01T00:00:00Z","lastModifiedTime":"0001-01-01T00:00:00Z","sharedGroupsCount":0,"sharedUsersCount":0,"icons":{"smallIconUri":"/5923210386076947795/N7a25ab4f-d10b-4e33-a28f-e90c26514a1e-small.png","mediumIconUri":"/5923210386076947795/N9e9ef494-df5f-4677-abbe-296a2891d8f1-medium.png","largeIconUri":"/5923210386076947795/N4c0c2518-61bc-4ef0-9a9e-f2e6e040cf06-large.png","wideIconUri":"/5923210386076947795/Nb5a55dbf-2206-4b0c-a241-fa22801a15ae-wide.png"},"connectionReferences":{},"databaseReferences":{},"almMode":"Solution","performanceOptimizationEnabled":true,"canConsumeAppPass":true,"executionRestrictions":{"isTeamsOnly":false,"dataLossPreventionEvaluationResult":{"status":"Compliant","lastEvaluationDate":"2021-01-29T07:49:35.7529958Z","violationDetails":[]}}},"isAppComponentLibrary":false,"appType":"ClassicCanvasApp","appComponents":[]}}