<ImportExportXml version="9.1.0.6820" SolutionPackageVersion="9.1" languagecode="1033" generatedBy="CrmLive" xmlns:xsi="http://www.w3.org/2001/XMLSchema-instance">
  <SolutionManifest>
    <UniqueName>CustomSolution</UniqueName>
    <LocalizedNames>
      <LocalizedName description="Custom Solution" languagecode="1033" />
    </LocalizedNames>
    <Descriptions />
    <Version>1.0.0.0</Version>
    <Managed>0</Managed>
    <Publisher>
      <UniqueName>DefaultPublishermyd365portal</UniqueName>
      <LocalizedNames>
        <LocalizedName description="Default Publisher for myd365portal" languagecode="1033" />
      </LocalizedNames>
      <Descriptions>
        <Description description="Default publisher for this organization" languagecode="1033" />
      </Descriptions>
      <EMailAddress xsi:nil="true"></EMailAddress>
      <SupportingWebsiteUrl xsi:nil="true"></SupportingWebsiteUrl>
      <CustomizationPrefix>new</CustomizationPrefix>
      <CustomizationOptionValuePrefix>10000</CustomizationOptionValuePrefix>
      <Addresses>
        <Address>
          <AddressNumber>1</AddressNumber>
          <AddressTypeCode xsi:nil="true"></AddressTypeCode>
          <City xsi:nil="true"></City>
          <County xsi:nil="true"></County>
          <Country xsi:nil="true"></Country>
          <Fax xsi:nil="true"></Fax>
          <FreightTermsCode xsi:nil="true"></FreightTermsCode>
          <ImportSequenceNumber xsi:nil="true"></ImportSequenceNumber>
          <Latitude xsi:nil="true"></Latitude>
          <Line1 xsi:nil="true"></Line1>
          <Line2 xsi:nil="true"></Line2>
          <Line3 xsi:nil="true"></Line3>
          <Longitude xsi:nil="true"></Longitude>
          <Name xsi:nil="true"></Name>
          <PostalCode xsi:nil="true"></PostalCode>
          <PostOfficeBox xsi:nil="true"></PostOfficeBox>
          <PrimaryContactName xsi:nil="true"></PrimaryContactName>
          <ShippingMethodCode xsi:nil="true"></ShippingMethodCode>
          <StateOrProvince xsi:nil="true"></StateOrProvince>
          <Telephone1 xsi:nil="true"></Telephone1>
          <Telephone2 xsi:nil="true"></Telephone2>
          <Telephone3 xsi:nil="true"></Telephone3>
          <TimeZoneRuleVersionNumber xsi:nil="true"></TimeZoneRuleVersionNumber>
          <UPSZone xsi:nil="true"></UPSZone>
          <UTCOffset xsi:nil="true"></UTCOffset>
          <UTCConversionTimeZoneCode xsi:nil="true"></UTCConversionTimeZoneCode>
        </Address>
        <Address>
          <AddressNumber>2</AddressNumber>
          <AddressTypeCode xsi:nil="true"></AddressTypeCode>
          <City xsi:nil="true"></City>
          <County xsi:nil="true"></County>
          <Country xsi:nil="true"></Country>
          <Fax xsi:nil="true"></Fax>
          <FreightTermsCode xsi:nil="true"></FreightTermsCode>
          <ImportSequenceNumber xsi:nil="true"></ImportSequenceNumber>
          <Latitude xsi:nil="true"></Latitude>
          <Line1 xsi:nil="true"></Line1>
          <Line2 xsi:nil="true"></Line2>
          <Line3 xsi:nil="true"></Line3>
          <Longitude xsi:nil="true"></Longitude>
          <Name xsi:nil="true"></Name>
          <PostalCode xsi:nil="true"></PostalCode>
          <PostOfficeBox xsi:nil="true"></PostOfficeBox>
          <PrimaryContactName xsi:nil="true"></PrimaryContactName>
          <ShippingMethodCode xsi:nil="true"></ShippingMethodCode>
          <StateOrProvince xsi:nil="true"></StateOrProvince>
          <Telephone1 xsi:nil="true"></Telephone1>
          <Telephone2 xsi:nil="true"></Telephone2>
          <Telephone3 xsi:nil="true"></Telephone3>
          <TimeZoneRuleVersionNumber xsi:nil="true"></TimeZoneRuleVersionNumber>
          <UPSZone xsi:nil="true"></UPSZone>
          <UTCOffset xsi:nil="true"></UTCOffset>
          <UTCConversionTimeZoneCode xsi:nil="true"></UTCConversionTimeZoneCode>
        </Address>
      </Addresses>
    </Publisher>
    <RootComponents>
      <RootComponent type="1" schemaName="contact" behavior="0" />
      <RootComponent type="1" schemaName="lead" behavior="2" />
      <RootComponent type="1" schemaName="new_event" behavior="0" />
      <RootComponent type="1" schemaName="new_eventregistration" behavior="0" />
      <RootComponent type="60" id="{09c9dae7-e923-49f5-8682-9015d02c4da7}" behavior="0" />
      <RootComponent type="60" id="{17557c98-622c-462d-98f1-19b112533227}" behavior="0" />
      <RootComponent type="60" id="{2f9fa1f7-b286-4ec0-bcd4-46c399230e25}" behavior="0" />
      <RootComponent type="60" id="{70ad8b15-e3f3-4d7d-9e4b-16cb4e51b484}" behavior="0" />
      <RootComponent type="60" id="{a4b9a944-d016-4525-af77-08aa84308307}" />
    </RootComponents>
    <MissingDependencies>
      <MissingDependency>
        <Required key="0" type="1" schemaName="lead" displayName="Lead" solution="msdynce_LeadManagement (9.0.4.0066)" />
        <Dependent key="0" type="1" schemaName="lead" displayName="Lead" />
      </MissingDependency>
      <MissingDependency>
        <Required key="0" type="1" schemaName="lead" displayName="Lead" solution="msdynce_LeadManagement (9.0.4.0066)" />
        <Dependent key="1" type="60" displayName="Lead - Edit" parentDisplayName="Lead" id="{2f9fa1f7-b286-4ec0-bcd4-46c399230e25}" />
      </MissingDependency>
      <MissingDependency>
        <Required key="0" type="1" schemaName="lead" displayName="Lead" solution="msdynce_LeadManagement (9.0.4.0066)" />
        <Dependent key="2" type="26" schemaName="Partner Leads" displayName="Partner Leads" parentSchemaName="lead" parentDisplayName="Lead" id="{8b9ace5f-e0a2-e911-a98e-000d3a8281d0}" />
      </MissingDependency>
      <MissingDependency>
        <Required key="3" type="1" schemaName="adx_externalidentity" displayName="External Identity" solution="MicrosoftIdentity (9.0.12.10)" />
        <Dependent key="4" type="1" schemaName="contact" displayName="Contact" />
      </MissingDependency>
      <MissingDependency>
        <Required key="5" type="1" schemaName="msevtmgt_checkin" displayName="Check-in" solution="MicrosoftDynamics_EventManagement (1.12.1006.0)" />
        <Dependent key="4" type="1" schemaName="contact" displayName="Contact" />
      </MissingDependency>
      <MissingDependency>
        <Required key="6" type="1" schemaName="msdyn_surveyresponse" displayName="Survey Response" solution="VoiceOfTheCustomer (9.0.1438.4)" />
        <Dependent key="4" type="1" schemaName="contact" displayName="Contact" />
      </MissingDependency>
      <MissingDependency>
        <Required key="7" type="1" schemaName="msdyncrm_customerjourneycustomchannelactivity" displayName="Custom channel activity" solution="MicrosoftDynamics_Marketing (1.35.1026.0)" />
        <Dependent key="4" type="1" schemaName="contact" displayName="Contact" />
      </MissingDependency>
      <MissingDependency>
        <Required key="8" type="1" schemaName="msdyncrm_defaultmarketingsetting" displayName="Default marketing settings" solution="MicrosoftDynamics_Marketing (1.35.1026.0)" />
        <Dependent key="4" type="1" schemaName="contact" displayName="Contact" />
      </MissingDependency>
      <MissingDependency>
        <Required key="9" type="1" schemaName="incident" displayName="Case" solution="msdynce_Service (9.0.5.56)" />
        <Dependent key="4" type="1" schemaName="contact" displayName="Contact" />
      </MissingDependency>
      <MissingDependency>
        <Required key="10" type="1" schemaName="msevtmgt_eventregistration" displayName="Event Registration" solution="MicrosoftDynamics_EventManagement (1.12.1006.0)" />
        <Dependent key="4" type="1" schemaName="contact" displayName="Contact" />
      </MissingDependency>
      <MissingDependency>
        <Required key="11" type="1" schemaName="adx_invitation" displayName="Invitation" solution="MicrosoftCrmPortalBase (9.0.12.10)" />
        <Dependent key="4" type="1" schemaName="contact" displayName="Contact" />
      </MissingDependency>
      <MissingDependency>
        <Required key="12" type="1" schemaName="msevtmgt_eventteammember" displayName="Event Team Member" solution="MicrosoftDynamics_EventManagement (1.12.1006.0)" />
        <Dependent key="4" type="1" schemaName="contact" displayName="Contact" />
      </MissingDependency>
      <MissingDependency>
        <Required key="13" type="1" schemaName="adx_webfilelog" displayName="Web File Log" solution="MicrosoftCrmPortalBase (9.0.12.10)" />
        <Dependent key="4" type="1" schemaName="contact" displayName="Contact" />
      </MissingDependency>
      <MissingDependency>
        <Required key="14" type="1" schemaName="adx_pagenotification" displayName="Page Notification" solution="MicrosoftCrmPortalBase (9.0.12.10)" />
        <Dependent key="4" type="1" schemaName="contact" displayName="Contact" />
      </MissingDependency>
      <MissingDependency>
        <Required key="15" type="1" schemaName="msdyncrm_marketingemailtestsend" displayName="Marketing email test send" solution="MicrosoftDynamics_Marketing (1.35.1026.0)" />
        <Dependent key="4" type="1" schemaName="contact" displayName="Contact" />
      </MissingDependency>
      <MissingDependency>
        <Required key="16" type="1" schemaName="adx_communityforumannouncement" displayName="Forum Announcement" solution="MicrosoftForums (9.0.12.10)" />
        <Dependent key="4" type="1" schemaName="contact" displayName="Contact" />
      </MissingDependency>
      <MissingDependency>
        <Required key="17" type="1" schemaName="opportunity" displayName="Opportunity" solution="msdynce_Sales (9.0.4.0076)" />
        <Dependent key="4" type="1" schemaName="contact" displayName="Contact" />
      </MissingDependency>
      <MissingDependency>
        <Required key="18" type="1" schemaName="msevtmgt_building" displayName="Building" solution="MicrosoftDynamics_EventManagement (1.12.1006.0)" />
        <Dependent key="4" type="1" schemaName="contact" displayName="Contact" />
      </MissingDependency>
      <MissingDependency>
        <Required key="19" type="1" schemaName="adx_webpagehistory" displayName="Web Page History" solution="MicrosoftCrmPortalBase (9.0.12.10)" />
        <Dependent key="4" type="1" schemaName="contact" displayName="Contact" />
      </MissingDependency>
      <MissingDependency>
        <Required key="20" type="1" schemaName="msevtmgt_hotelroomallocation" displayName="Hotel Room Allocation" solution="MicrosoftDynamics_EventManagement (1.12.1006.0)" />
        <Dependent key="4" type="1" schemaName="contact" displayName="Contact" />
      </MissingDependency>
      <MissingDependency>
        <Required key="21" type="1" schemaName="msdyn_responseoutcome" displayName="Response Outcome" solution="VoiceOfTheCustomer (9.0.1438.4)" />
        <Dependent key="4" type="1" schemaName="contact" displayName="Contact" />
      </MissingDependency>
      <MissingDependency>
        <Required key="22" type="1" schemaName="msevtmgt_eventpurchaseattendee" displayName="Event Purchase Attendee" solution="MicrosoftDynamics_EventManagement (1.12.1006.0)" />
        <Dependent key="4" type="1" schemaName="contact" displayName="Contact" />
      </MissingDependency>
      <MissingDependency>
        <Required key="23" type="1" schemaName="msevtmgt_waitlistitem" displayName="Waitlist Item" solution="MicrosoftDynamics_EventManagement (1.12.1006.0)" />
        <Dependent key="4" type="1" schemaName="contact" displayName="Contact" />
      </MissingDependency>
      <MissingDependency>
        <Required key="24" type="1" schemaName="adx_webpagelog" displayName="Web Page Log" solution="MicrosoftCrmPortalBase (9.0.12.10)" />
        <Dependent key="4" type="1" schemaName="contact" displayName="Contact" />
      </MissingDependency>
      <MissingDependency>
        <Required key="25" type="1" schemaName="adx_webformsession" displayName="Web Form Session" solution="MicrosoftWebForms (9.0.12.10)" />
        <Dependent key="4" type="1" schemaName="contact" displayName="Contact" />
      </MissingDependency>
      <MissingDependency>
        <Required key="26" type="1" schemaName="msgdpr_gdprconsentchangerecord" displayName="GDPR consent change record" solution="MicrosoftDynamics_MktConsentManagement (1.35.1026.0)" />
        <Dependent key="4" type="1" schemaName="contact" displayName="Contact" />
      </MissingDependency>
      <MissingDependency>
        <Required key="27" type="1" schemaName="adx_pollsubmission" displayName="Poll Submission" solution="MicrosoftCrmPortalBase (9.0.12.10)" />
        <Dependent key="4" type="1" schemaName="contact" displayName="Contact" />
      </MissingDependency>
      <MissingDependency>
        <Required key="28" type="1" schemaName="msevtmgt_attendeepass" displayName="Attendee Pass" solution="MicrosoftDynamics_EventManagement (1.12.1006.0)" />
        <Dependent key="4" type="1" schemaName="contact" displayName="Contact" />
      </MissingDependency>
      <MissingDependency>
        <Required key="29" type="1" schemaName="adx_badge" displayName="Badge" solution="MicrosoftBadges (9.0.6.1)" />
        <Dependent key="4" type="1" schemaName="contact" displayName="Contact" />
      </MissingDependency>
      <MissingDependency>
        <Required key="30" type="1" schemaName="msevtmgt_sessionregistration" displayName="Session Registration" solution="MicrosoftDynamics_EventManagement (1.12.1006.0)" />
        <Dependent key="4" type="1" schemaName="contact" displayName="Contact" />
      </MissingDependency>
      <MissingDependency>
        <Required key="31" type="1" schemaName="adx_communityforumalert" displayName="Forum Alert" solution="MicrosoftForums (9.0.12.10)" />
        <Dependent key="4" type="1" schemaName="contact" displayName="Contact" />
      </MissingDependency>
      <MissingDependency>
        <Required key="32" type="1" schemaName="msevtmgt_room" displayName="Room" solution="MicrosoftDynamics_EventManagement (1.12.1006.0)" />
        <Dependent key="4" type="1" schemaName="contact" displayName="Contact" />
      </MissingDependency>
      <MissingDependency>
        <Required key="33" type="1" schemaName="adx_webpage" displayName="Web Page" solution="MicrosoftCrmPortalDependencies (9.0.12.10)" />
        <Dependent key="4" type="1" schemaName="contact" displayName="Contact" />
      </MissingDependency>
      <MissingDependency>
        <Required key="34" type="1" schemaName="msevtmgt_hotel" displayName="Hotel" solution="MicrosoftDynamics_EventManagement (1.12.1006.0)" />
        <Dependent key="4" type="1" schemaName="contact" displayName="Contact" />
      </MissingDependency>
      <MissingDependency>
        <Required key="35" type="1" schemaName="adx_casedeflection" displayName="Case Deflection" solution="KnowledgeManagement (9.0.12.10)" />
        <Dependent key="4" type="1" schemaName="contact" displayName="Contact" />
      </MissingDependency>
      <MissingDependency>
        <Required key="36" type="1" schemaName="msevtmgt_eventpurchase" displayName="Event Purchase" solution="MicrosoftDynamics_EventManagement (1.12.1006.0)" />
        <Dependent key="4" type="1" schemaName="contact" displayName="Contact" />
      </MissingDependency>
      <MissingDependency>
        <Required key="37" type="1" schemaName="msdyn_surveyinvite" displayName="Survey Activity" solution="VoiceOfTheCustomer (9.0.1438.4)" />
        <Dependent key="4" type="1" schemaName="contact" displayName="Contact" />
      </MissingDependency>
      <MissingDependency>
        <Required key="38" type="1" schemaName="msdyncrm_linkedinformsubmission" displayName="LinkedIn Lead Gen form submission" solution="LinkedInLeadGenIntegration (1.13.1004.0)" />
        <Dependent key="4" type="1" schemaName="contact" displayName="Contact" />
      </MissingDependency>
      <MissingDependency>
        <Required key="39" type="1" schemaName="adx_pagealert" displayName="Page Alert" solution="MicrosoftCrmPortalBase (9.0.12.10)" />
        <Dependent key="4" type="1" schemaName="contact" displayName="Contact" />
      </MissingDependency>
      <MissingDependency>
        <Required key="40" type="1" schemaName="msevtmgt_venue" displayName="Venue" solution="MicrosoftDynamics_EventManagement (1.12.1006.0)" />
        <Dependent key="4" type="1" schemaName="contact" displayName="Contact" />
      </MissingDependency>
      <MissingDependency>
        <Required key="41" type="1" schemaName="adx_forumnotification" displayName="Forum Notification" solution="MicrosoftForums (9.0.12.10)" />
        <Dependent key="4" type="1" schemaName="contact" displayName="Contact" />
      </MissingDependency>
      <MissingDependency>
        <Required key="42" type="1" schemaName="adx_bpf_c2857b638fa7473d8e2f112c232cebd8" displayName="Change password for portal contact" solution="MicrosoftIdentity (9.0.12.10)" />
        <Dependent key="4" type="1" schemaName="contact" displayName="Contact" />
      </MissingDependency>
      <MissingDependency>
        <Required key="43" type="1" schemaName="msdyncrm_geopin" displayName="Geo pin" solution="MicrosoftDynamics_Marketing (1.35.1026.0)" />
        <Dependent key="4" type="1" schemaName="contact" displayName="Contact" />
      </MissingDependency>
      <MissingDependency>
        <Required key="44" type="1" schemaName="adx_communityforumpost" displayName="Forum Post" solution="MicrosoftForums (9.0.12.10)" />
        <Dependent key="4" type="1" schemaName="contact" displayName="Contact" />
      </MissingDependency>
      <MissingDependency>
        <Required key="45" type="1" schemaName="msevtmgt_speaker" displayName="Speaker" solution="MicrosoftDynamics_EventManagement (1.12.1006.0)" />
        <Dependent key="4" type="1" schemaName="contact" displayName="Contact" />
      </MissingDependency>
      <MissingDependency>
        <Required key="46" type="1" schemaName="adx_dealregistrationrequest" displayName="Deal Registration Request" solution="MicrosoftPartnerPipeline (8.3.0.3)" />
        <Dependent key="4" type="1" schemaName="contact" displayName="Contact" />
      </MissingDependency>
      <MissingDependency>
        <Required key="47" type="1" schemaName="msdyncrm_segment" displayName="Segment" solution="MicrosoftDynamics_Marketing (1.35.1026.0)" />
        <Dependent key="48" type="10" schemaName="msdyncrm_msdyncrm_segment_contact" displayName="msdyncrm_msdyncrm_segment_contact" parentSchemaName="msdyncrm_segment" parentDisplayName="Segment" />
      </MissingDependency>
      <MissingDependency>
        <Required key="49" type="1" schemaName="msdyncrm_marketingemail" displayName="Marketing email" solution="MicrosoftDynamics_Marketing (1.35.1026.0)" />
        <Dependent key="50" type="10" schemaName="msdyncrm_msdyncrm_marketingemail_contact_emailid" displayName="msdyncrm_msdyncrm_marketingemail_contact_emailid" parentSchemaName="msdyncrm_marketingemail" parentDisplayName="Marketing email" />
      </MissingDependency>
      <MissingDependency>
        <Required key="51" type="1" schemaName="msdyncrm_marketingform" displayName="Marketing form" solution="MicrosoftDynamics_Marketing (1.35.1026.0)" />
        <Dependent key="52" type="10" schemaName="msdyncrm_msdyncrm_marketingform_contact_marketingformid" displayName="msdyncrm_msdyncrm_marketingform_contact_marketingformid" parentSchemaName="msdyncrm_marketingform" parentDisplayName="Marketing form" />
      </MissingDependency>
      <MissingDependency>
        <Required key="5" type="1" schemaName="msevtmgt_checkin" displayName="Check-in" solution="MicrosoftDynamics_EventManagement (1.12.1006.0)" />
        <Dependent key="53" type="10" schemaName="msevtmgt_checkin_contact" displayName="msevtmgt_checkin_contact" parentSchemaName="msevtmgt_checkin" parentDisplayName="Check-in" />
      </MissingDependency>
      <MissingDependency>
        <Required key="54" type="1" schemaName="msdyncrm_customerjourney" displayName="Customer journey" solution="MicrosoftDynamics_Marketing (1.35.1026.0)" />
        <Dependent key="55" type="10" schemaName="msdyncrm_msdyncrm_customerjourney_contact_customerjourneyid" displayName="msdyncrm_msdyncrm_customerjourney_contact_customerjourneyid" parentSchemaName="msdyncrm_customerjourney" parentDisplayName="Customer journey" />
      </MissingDependency>
      <MissingDependency>
        <Required key="56" type="1" schemaName="msevtmgt_event" displayName="Event" solution="MicrosoftDynamics_EventManagement (1.12.1006.0)" />
        <Dependent key="57" type="10" schemaName="msevtmgt_msevtmgt_event_contact_originatingeventid" displayName="msevtmgt_msevtmgt_event_contact_originatingeventid" parentSchemaName="msevtmgt_event" parentDisplayName="Event" />
      </MissingDependency>
      <MissingDependency>
        <Required key="58" type="1" schemaName="msdyncrm_marketingpage" displayName="Marketing page" solution="MicrosoftDynamics_Marketing (1.35.1026.0)" />
        <Dependent key="59" type="10" schemaName="msdyncrm_msdyncrm_marketingpage_contact_marketingpageid" displayName="msdyncrm_msdyncrm_marketingpage_contact_marketingpageid" parentSchemaName="msdyncrm_marketingpage" parentDisplayName="Marketing page" />
      </MissingDependency>
      <MissingDependency>
        <Required key="60" type="1" schemaName="adx_portallanguage" displayName="Portal Language" solution="MicrosoftCrmPortalBase (9.0.12.10)" />
        <Dependent key="61" type="10" schemaName="adx_portallanguage_contact" displayName="adx_portallanguage_contact" parentSchemaName="contact" parentDisplayName="Contact" />
      </MissingDependency>
      <MissingDependency>
        <Required key="62" type="2" schemaName="msdyncrm_customerjourneyid" displayName="Customer journey" parentSchemaName="msdyncrm_customerjourney" parentDisplayName="Customer journey" solution="MicrosoftDynamics_Marketing (1.35.1026.0)" />
        <Dependent key="55" type="10" schemaName="msdyncrm_msdyncrm_customerjourney_contact_customerjourneyid" displayName="msdyncrm_msdyncrm_customerjourney_contact_customerjourneyid" parentSchemaName="msdyncrm_customerjourney" parentDisplayName="Customer journey" />
      </MissingDependency>
      <MissingDependency>
        <Required key="63" type="2" schemaName="msdyncrm_marketingpageid" displayName="Marketing page" parentSchemaName="msdyncrm_marketingpage" parentDisplayName="Marketing page" solution="MicrosoftDynamics_Marketing (1.35.1026.0)" />
        <Dependent key="59" type="10" schemaName="msdyncrm_msdyncrm_marketingpage_contact_marketingpageid" displayName="msdyncrm_msdyncrm_marketingpage_contact_marketingpageid" parentSchemaName="msdyncrm_marketingpage" parentDisplayName="Marketing page" />
      </MissingDependency>
      <MissingDependency>
        <Required key="64" type="2" schemaName="msdyncrm_name" displayName="Name" parentSchemaName="msdyncrm_marketingform" parentDisplayName="Marketing form" solution="MicrosoftDynamics_Marketing (1.35.1026.0)" />
        <Dependent key="52" type="10" schemaName="msdyncrm_msdyncrm_marketingform_contact_marketingformid" displayName="msdyncrm_msdyncrm_marketingform_contact_marketingformid" parentSchemaName="msdyncrm_marketingform" parentDisplayName="Marketing form" />
      </MissingDependency>
      <MissingDependency>
        <Required key="65" type="2" schemaName="msdyncrm_name" displayName="Name" parentSchemaName="msdyncrm_customerjourney" parentDisplayName="Customer journey" solution="MicrosoftDynamics_Marketing (1.35.1026.0)" />
        <Dependent key="55" type="10" schemaName="msdyncrm_msdyncrm_customerjourney_contact_customerjourneyid" displayName="msdyncrm_msdyncrm_customerjourney_contact_customerjourneyid" parentSchemaName="msdyncrm_customerjourney" parentDisplayName="Customer journey" />
      </MissingDependency>
      <MissingDependency>
        <Required key="66" type="2" schemaName="adx_name" displayName="Name" parentSchemaName="adx_portallanguage" parentDisplayName="Portal Language" solution="MicrosoftCrmPortalBase (9.0.12.10)" />
        <Dependent key="61" type="10" schemaName="adx_portallanguage_contact" displayName="adx_portallanguage_contact" parentSchemaName="contact" parentDisplayName="Contact" />
      </MissingDependency>
      <MissingDependency>
        <Required key="67" type="2" schemaName="emailaddress1" displayName="Email" parentSchemaName="lead" parentDisplayName="Lead" solution="msdynce_LeadManagement (9.0.4.0066)" />
        <Dependent key="1" type="60" displayName="Lead - Edit" parentDisplayName="Lead" id="{2f9fa1f7-b286-4ec0-bcd4-46c399230e25}" />
      </MissingDependency>
      <MissingDependency>
        <Required key="68" type="2" schemaName="address1_line1" displayName="Street 1" parentSchemaName="lead" parentDisplayName="Lead" solution="msdynce_LeadManagement (9.0.4.0066)" />
        <Dependent key="1" type="60" displayName="Lead - Edit" parentDisplayName="Lead" id="{2f9fa1f7-b286-4ec0-bcd4-46c399230e25}" />
      </MissingDependency>
      <MissingDependency>
        <Required key="69" type="2" schemaName="msevtmgt_name" displayName="Name" parentSchemaName="msevtmgt_checkin" parentDisplayName="Check-in" solution="MicrosoftDynamics_EventManagement (1.12.1006.0)" />
        <Dependent key="53" type="10" schemaName="msevtmgt_checkin_contact" displayName="msevtmgt_checkin_contact" parentSchemaName="msevtmgt_checkin" parentDisplayName="Check-in" />
      </MissingDependency>
      <MissingDependency>
        <Required key="70" type="2" schemaName="msevtmgt_eventid" displayName="Event" parentSchemaName="msevtmgt_event" parentDisplayName="Event" solution="MicrosoftDynamics_EventManagement (1.12.1006.0)" />
        <Dependent key="57" type="10" schemaName="msevtmgt_msevtmgt_event_contact_originatingeventid" displayName="msevtmgt_msevtmgt_event_contact_originatingeventid" parentSchemaName="msevtmgt_event" parentDisplayName="Event" />
      </MissingDependency>
      <MissingDependency>
        <Required key="71" type="2" schemaName="msdyncrm_segmentid" displayName="Segment" parentSchemaName="msdyncrm_segment" parentDisplayName="Segment" solution="MicrosoftDynamics_Marketing (1.35.1026.0)" />
        <Dependent key="48" type="10" schemaName="msdyncrm_msdyncrm_segment_contact" displayName="msdyncrm_msdyncrm_segment_contact" parentSchemaName="msdyncrm_segment" parentDisplayName="Segment" />
      </MissingDependency>
      <MissingDependency>
        <Required key="72" type="2" schemaName="msdyncrm_name" displayName="Name" parentSchemaName="msdyncrm_marketingpage" parentDisplayName="Marketing page" solution="MicrosoftDynamics_Marketing (1.35.1026.0)" />
        <Dependent key="59" type="10" schemaName="msdyncrm_msdyncrm_marketingpage_contact_marketingpageid" displayName="msdyncrm_msdyncrm_marketingpage_contact_marketingpageid" parentSchemaName="msdyncrm_marketingpage" parentDisplayName="Marketing page" />
      </MissingDependency>
      <MissingDependency>
        <Required key="73" type="2" schemaName="msdyncrm_name" displayName="Name" parentSchemaName="msdyncrm_marketingemail" parentDisplayName="Marketing email" solution="MicrosoftDynamics_Marketing (1.35.1026.0)" />
        <Dependent key="50" type="10" schemaName="msdyncrm_msdyncrm_marketingemail_contact_emailid" displayName="msdyncrm_msdyncrm_marketingemail_contact_emailid" parentSchemaName="msdyncrm_marketingemail" parentDisplayName="Marketing email" />
      </MissingDependency>
      <MissingDependency>
        <Required key="74" type="2" schemaName="msdyncrm_marketingemailid" displayName="Marketing email" parentSchemaName="msdyncrm_marketingemail" parentDisplayName="Marketing email" solution="MicrosoftDynamics_Marketing (1.35.1026.0)" />
        <Dependent key="50" type="10" schemaName="msdyncrm_msdyncrm_marketingemail_contact_emailid" displayName="msdyncrm_msdyncrm_marketingemail_contact_emailid" parentSchemaName="msdyncrm_marketingemail" parentDisplayName="Marketing email" />
      </MissingDependency>
      <MissingDependency>
        <Required key="75" type="2" schemaName="companyname" displayName="Company Name" parentSchemaName="lead" parentDisplayName="Lead" solution="msdynce_LeadManagement (9.0.4.0066)" />
        <Dependent key="2" type="26" schemaName="Partner Leads" displayName="Partner Leads" parentSchemaName="lead" parentDisplayName="Lead" id="{8b9ace5f-e0a2-e911-a98e-000d3a8281d0}" />
      </MissingDependency>
      <MissingDependency>
        <Required key="76" type="2" schemaName="customerid" displayName="Customer" parentSchemaName="lead" parentDisplayName="Lead" solution="msdynce_LeadManagement (9.0.4.0066)" />
        <Dependent key="2" type="26" schemaName="Partner Leads" displayName="Partner Leads" parentSchemaName="lead" parentDisplayName="Lead" id="{8b9ace5f-e0a2-e911-a98e-000d3a8281d0}" />
      </MissingDependency>
      <MissingDependency>
        <Required key="77" type="2" schemaName="msdyncrm_leadsourcetype" displayName="Lead source type" parentSchemaName="lead" parentDisplayName="Lead" solution="MicrosoftDynamics_Marketing (1.35.1026.0)" />
        <Dependent key="2" type="26" schemaName="Partner Leads" displayName="Partner Leads" parentSchemaName="lead" parentDisplayName="Lead" id="{8b9ace5f-e0a2-e911-a98e-000d3a8281d0}" />
      </MissingDependency>
      <MissingDependency>
        <Required key="78" type="2" schemaName="adx_leadtypeid" displayName="Lead Type" parentSchemaName="lead" parentDisplayName="Lead" solution="MicrosoftPartnerPipeline (8.3.0.3)" />
        <Dependent key="2" type="26" schemaName="Partner Leads" displayName="Partner Leads" parentSchemaName="lead" parentDisplayName="Lead" id="{8b9ace5f-e0a2-e911-a98e-000d3a8281d0}" />
      </MissingDependency>
      <MissingDependency>
        <Required key="79" type="2" schemaName="emailaddress2" displayName="Email Address 2" parentSchemaName="lead" parentDisplayName="Lead" solution="msdynce_LeadManagement (9.0.4.0066)" />
        <Dependent key="2" type="26" schemaName="Partner Leads" displayName="Partner Leads" parentSchemaName="lead" parentDisplayName="Lead" id="{8b9ace5f-e0a2-e911-a98e-000d3a8281d0}" />
      </MissingDependency>
      <MissingDependency>
        <Required key="67" type="2" schemaName="emailaddress1" displayName="Email" parentSchemaName="lead" parentDisplayName="Lead" solution="msdynce_LeadManagement (9.0.4.0066)" />
        <Dependent key="2" type="26" schemaName="Partner Leads" displayName="Partner Leads" parentSchemaName="lead" parentDisplayName="Lead" id="{8b9ace5f-e0a2-e911-a98e-000d3a8281d0}" />
      </MissingDependency>
      <MissingDependency>
        <Required key="80" type="2" schemaName="numberofemployees" displayName="No. of Employees" parentSchemaName="lead" parentDisplayName="Lead" solution="msdynce_LeadManagement (9.0.4.0066)" />
        <Dependent key="2" type="26" schemaName="Partner Leads" displayName="Partner Leads" parentSchemaName="lead" parentDisplayName="Lead" id="{8b9ace5f-e0a2-e911-a98e-000d3a8281d0}" />
      </MissingDependency>
      <MissingDependency>
        <Required key="81" type="2" schemaName="fullname" displayName="Name" parentSchemaName="lead" parentDisplayName="Lead" solution="msdynce_LeadManagement (9.0.4.0066)" />
        <Dependent key="2" type="26" schemaName="Partner Leads" displayName="Partner Leads" parentSchemaName="lead" parentDisplayName="Lead" id="{8b9ace5f-e0a2-e911-a98e-000d3a8281d0}" />
      </MissingDependency>
      <MissingDependency>
        <Required key="82" type="2" schemaName="leadsourcecode" displayName="Lead source" parentSchemaName="lead" parentDisplayName="Lead" solution="msdynce_LeadManagement (9.0.4.0066)" />
        <Dependent key="2" type="26" schemaName="Partner Leads" displayName="Partner Leads" parentSchemaName="lead" parentDisplayName="Lead" id="{8b9ace5f-e0a2-e911-a98e-000d3a8281d0}" />
      </MissingDependency>
      <MissingDependency>
        <Required key="83" type="2" schemaName="leadid" displayName="Lead" parentSchemaName="lead" parentDisplayName="Lead" solution="msdynce_LeadManagement (9.0.4.0066)" />
        <Dependent key="2" type="26" schemaName="Partner Leads" displayName="Partner Leads" parentSchemaName="lead" parentDisplayName="Lead" id="{8b9ace5f-e0a2-e911-a98e-000d3a8281d0}" />
      </MissingDependency>
      <MissingDependency>
        <Required key="84" type="2" schemaName="emailaddress3" displayName="Email Address 3" parentSchemaName="lead" parentDisplayName="Lead" solution="msdynce_LeadManagement (9.0.4.0066)" />
        <Dependent key="2" type="26" schemaName="Partner Leads" displayName="Partner Leads" parentSchemaName="lead" parentDisplayName="Lead" id="{8b9ace5f-e0a2-e911-a98e-000d3a8281d0}" />
      </MissingDependency>
      <MissingDependency>
        <Required key="85" type="2" schemaName="address1_country" displayName="Country/Region" parentSchemaName="lead" parentDisplayName="Lead" solution="msdynce_LeadManagement (9.0.4.0066)" />
        <Dependent key="1" type="60" displayName="Lead - Edit" parentDisplayName="Lead" id="{2f9fa1f7-b286-4ec0-bcd4-46c399230e25}" />
      </MissingDependency>
      <MissingDependency>
        <Required key="86" type="2" schemaName="lastname" displayName="Last Name" parentSchemaName="lead" parentDisplayName="Lead" solution="msdynce_LeadManagement (9.0.4.0066)" />
        <Dependent key="1" type="60" displayName="Lead - Edit" parentDisplayName="Lead" id="{2f9fa1f7-b286-4ec0-bcd4-46c399230e25}" />
      </MissingDependency>
      <MissingDependency>
        <Required key="87" type="2" schemaName="jobtitle" displayName="Job Title" parentSchemaName="lead" parentDisplayName="Lead" solution="msdynce_LeadManagement (9.0.4.0066)" />
        <Dependent key="1" type="60" displayName="Lead - Edit" parentDisplayName="Lead" id="{2f9fa1f7-b286-4ec0-bcd4-46c399230e25}" />
      </MissingDependency>
      <MissingDependency>
        <Required key="88" type="2" schemaName="statecode" displayName="Status" parentSchemaName="lead" parentDisplayName="Lead" solution="msdynce_LeadManagement (9.0.4.0066)" />
        <Dependent key="1" type="60" displayName="Lead - Edit" parentDisplayName="Lead" id="{2f9fa1f7-b286-4ec0-bcd4-46c399230e25}" />
      </MissingDependency>
      <MissingDependency>
        <Required key="89" type="2" schemaName="subject" displayName="Topic" parentSchemaName="lead" parentDisplayName="Lead" solution="msdynce_LeadManagement (9.0.4.0066)" />
        <Dependent key="1" type="60" displayName="Lead - Edit" parentDisplayName="Lead" id="{2f9fa1f7-b286-4ec0-bcd4-46c399230e25}" />
      </MissingDependency>
      <MissingDependency>
        <Required key="90" type="2" schemaName="telephone1" displayName="Business Phone" parentSchemaName="lead" parentDisplayName="Lead" solution="msdynce_LeadManagement (9.0.4.0066)" />
        <Dependent key="1" type="60" displayName="Lead - Edit" parentDisplayName="Lead" id="{2f9fa1f7-b286-4ec0-bcd4-46c399230e25}" />
      </MissingDependency>
      <MissingDependency>
        <Required key="91" type="2" schemaName="address1_stateorprovince" displayName="State/Province" parentSchemaName="lead" parentDisplayName="Lead" solution="msdynce_LeadManagement (9.0.4.0066)" />
        <Dependent key="1" type="60" displayName="Lead - Edit" parentDisplayName="Lead" id="{2f9fa1f7-b286-4ec0-bcd4-46c399230e25}" />
      </MissingDependency>
      <MissingDependency>
        <Required key="92" type="2" schemaName="firstname" displayName="First Name" parentSchemaName="lead" parentDisplayName="Lead" solution="msdynce_LeadManagement (9.0.4.0066)" />
        <Dependent key="1" type="60" displayName="Lead - Edit" parentDisplayName="Lead" id="{2f9fa1f7-b286-4ec0-bcd4-46c399230e25}" />
      </MissingDependency>
      <MissingDependency>
        <Required key="93" type="2" schemaName="ownerid" displayName="Owner" parentSchemaName="lead" parentDisplayName="Lead" solution="msdynce_LeadManagement (9.0.4.0066)" />
        <Dependent key="1" type="60" displayName="Lead - Edit" parentDisplayName="Lead" id="{2f9fa1f7-b286-4ec0-bcd4-46c399230e25}" />
      </MissingDependency>
      <MissingDependency>
        <Required key="94" type="2" schemaName="address1_city" displayName="City" parentSchemaName="lead" parentDisplayName="Lead" solution="msdynce_LeadManagement (9.0.4.0066)" />
        <Dependent key="1" type="60" displayName="Lead - Edit" parentDisplayName="Lead" id="{2f9fa1f7-b286-4ec0-bcd4-46c399230e25}" />
      </MissingDependency>
      <MissingDependency>
        <Required key="95" type="2" schemaName="description" displayName="Description" parentSchemaName="lead" parentDisplayName="Lead" solution="msdynce_LeadManagement (9.0.4.0066)" />
        <Dependent key="1" type="60" displayName="Lead - Edit" parentDisplayName="Lead" id="{2f9fa1f7-b286-4ec0-bcd4-46c399230e25}" />
      </MissingDependency>
      <MissingDependency>
        <Required key="75" type="2" schemaName="companyname" displayName="Company Name" parentSchemaName="lead" parentDisplayName="Lead" solution="msdynce_LeadManagement (9.0.4.0066)" />
        <Dependent key="1" type="60" displayName="Lead - Edit" parentDisplayName="Lead" id="{2f9fa1f7-b286-4ec0-bcd4-46c399230e25}" />
      </MissingDependency>
      <MissingDependency>
        <Required key="82" type="2" schemaName="leadsourcecode" displayName="Lead source" parentSchemaName="lead" parentDisplayName="Lead" solution="msdynce_LeadManagement (9.0.4.0066)" />
        <Dependent key="1" type="60" displayName="Lead - Edit" parentDisplayName="Lead" id="{2f9fa1f7-b286-4ec0-bcd4-46c399230e25}" />
      </MissingDependency>
      <MissingDependency>
        <Required key="96" type="2" schemaName="address1_postalcode" displayName="ZIP/Postal Code" parentSchemaName="lead" parentDisplayName="Lead" solution="msdynce_LeadManagement (9.0.4.0066)" />
        <Dependent key="1" type="60" displayName="Lead - Edit" parentDisplayName="Lead" id="{2f9fa1f7-b286-4ec0-bcd4-46c399230e25}" />
      </MissingDependency>
      <MissingDependency>
        <Required key="97" type="2" schemaName="adx_portallanguageid" displayName="Portal Language" parentSchemaName="adx_portallanguage" parentDisplayName="Portal Language" solution="MicrosoftCrmPortalBase (9.0.12.10)" />
        <Dependent key="61" type="10" schemaName="adx_portallanguage_contact" displayName="adx_portallanguage_contact" parentSchemaName="contact" parentDisplayName="Contact" />
      </MissingDependency>
      <MissingDependency>
        <Required key="98" type="2" schemaName="msdyncrm_marketingformid" displayName="Marketing form" parentSchemaName="msdyncrm_marketingform" parentDisplayName="Marketing form" solution="MicrosoftDynamics_Marketing (1.35.1026.0)" />
        <Dependent key="52" type="10" schemaName="msdyncrm_msdyncrm_marketingform_contact_marketingformid" displayName="msdyncrm_msdyncrm_marketingform_contact_marketingformid" parentSchemaName="msdyncrm_marketingform" parentDisplayName="Marketing form" />
      </MissingDependency>
      <MissingDependency>
        <Required key="99" type="2" schemaName="msevtmgt_checkinid" displayName="Check-in" parentSchemaName="msevtmgt_checkin" parentDisplayName="Check-in" solution="MicrosoftDynamics_EventManagement (1.12.1006.0)" />
        <Dependent key="53" type="10" schemaName="msevtmgt_checkin_contact" displayName="msevtmgt_checkin_contact" parentSchemaName="msevtmgt_checkin" parentDisplayName="Check-in" />
      </MissingDependency>
      <MissingDependency>
        <Required key="100" type="2" schemaName="msdyncrm_segmentname" displayName="Name" parentSchemaName="msdyncrm_segment" parentDisplayName="Segment" solution="MicrosoftDynamics_Marketing (1.35.1026.0)" />
        <Dependent key="48" type="10" schemaName="msdyncrm_msdyncrm_segment_contact" displayName="msdyncrm_msdyncrm_segment_contact" parentSchemaName="msdyncrm_segment" parentDisplayName="Segment" />
      </MissingDependency>
      <MissingDependency>
        <Required key="101" type="2" schemaName="msevtmgt_name" displayName="Event name" parentSchemaName="msevtmgt_event" parentDisplayName="Event" solution="MicrosoftDynamics_EventManagement (1.12.1006.0)" />
        <Dependent key="57" type="10" schemaName="msevtmgt_msevtmgt_event_contact_originatingeventid" displayName="msevtmgt_msevtmgt_event_contact_originatingeventid" parentSchemaName="msevtmgt_event" parentDisplayName="Event" />
      </MissingDependency>
      <MissingDependency>
        <Required key="102" type="2" schemaName="msgdpr_gdprparentid" displayName="Parent or custodian" parentSchemaName="contact" parentDisplayName="Contact" solution="MicrosoftDynamics_MktConsentManagement (1.35.1026.0)" />
        <Dependent key="103" type="2" schemaName="parentcustomerid" displayName="Company Name" parentSchemaName="contact" parentDisplayName="Contact" />
      </MissingDependency>
      <MissingDependency>
        <Required key="104" type="2" schemaName="adx_preferredlanguageid" displayName="Preferred Language" parentSchemaName="contact" parentDisplayName="Contact" solution="MicrosoftCrmPortalBase (9.0.12.10)" />
        <Dependent key="61" type="10" schemaName="adx_portallanguage_contact" displayName="adx_portallanguage_contact" parentSchemaName="contact" parentDisplayName="Contact" />
      </MissingDependency>
      <MissingDependency>
        <Required key="105" type="2" schemaName="msdyncrm_marketingformid" displayName="Source form" parentSchemaName="contact" parentDisplayName="Contact" solution="MicrosoftDynamics_Marketing (1.35.1026.0)" />
        <Dependent key="52" type="10" schemaName="msdyncrm_msdyncrm_marketingform_contact_marketingformid" displayName="msdyncrm_msdyncrm_marketingform_contact_marketingformid" parentSchemaName="msdyncrm_marketingform" parentDisplayName="Marketing form" />
      </MissingDependency>
      <MissingDependency>
        <Required key="106" type="2" schemaName="msevtmgt_contactid" displayName="Contact" parentSchemaName="contact" parentDisplayName="Contact" solution="MicrosoftDynamics_EventManagement (1.12.1006.0)" />
        <Dependent key="53" type="10" schemaName="msevtmgt_checkin_contact" displayName="msevtmgt_checkin_contact" parentSchemaName="msevtmgt_checkin" parentDisplayName="Check-in" />
      </MissingDependency>
      <MissingDependency>
        <Required key="107" type="2" schemaName="msdyncrm_emailid" displayName="Source email" parentSchemaName="contact" parentDisplayName="Contact" solution="MicrosoftDynamics_Marketing (1.35.1026.0)" />
        <Dependent key="50" type="10" schemaName="msdyncrm_msdyncrm_marketingemail_contact_emailid" displayName="msdyncrm_msdyncrm_marketingemail_contact_emailid" parentSchemaName="msdyncrm_marketingemail" parentDisplayName="Marketing email" />
      </MissingDependency>
      <MissingDependency>
        <Required key="108" type="2" schemaName="msdyncrm_segmentmemberid" displayName="SegmentMember" parentSchemaName="contact" parentDisplayName="Contact" solution="MicrosoftDynamics_Marketing (1.35.1026.0)" />
        <Dependent key="48" type="10" schemaName="msdyncrm_msdyncrm_segment_contact" displayName="msdyncrm_msdyncrm_segment_contact" parentSchemaName="msdyncrm_segment" parentDisplayName="Segment" />
      </MissingDependency>
      <MissingDependency>
        <Required key="109" type="2" schemaName="msevtmgt_originatingeventid" displayName="Originating event" parentSchemaName="contact" parentDisplayName="Contact" solution="MicrosoftDynamics_EventManagement (1.12.1006.0)" />
        <Dependent key="57" type="10" schemaName="msevtmgt_msevtmgt_event_contact_originatingeventid" displayName="msevtmgt_msevtmgt_event_contact_originatingeventid" parentSchemaName="msevtmgt_event" parentDisplayName="Event" />
      </MissingDependency>
      <MissingDependency>
        <Required key="110" type="2" schemaName="msa_managingpartnerid" displayName="Managing Partner" parentSchemaName="contact" parentDisplayName="Contact" solution="MicrosoftCrmPortalDependencies (9.0.12.10)" />
        <Dependent key="103" type="2" schemaName="parentcustomerid" displayName="Company Name" parentSchemaName="contact" parentDisplayName="Contact" />
      </MissingDependency>
      <MissingDependency>
        <Required key="111" type="2" schemaName="preferredequipmentid" displayName="Preferred Facility/Equipment" parentSchemaName="contact" parentDisplayName="Contact" solution="msdynce_Service (9.0.5.56)" />
        <Dependent key="112" type="60" displayName="Information" parentDisplayName="Contact" id="{894cc46a-b0cb-4ab0-8bf6-200544e46a2d}" />
      </MissingDependency>
      <MissingDependency>
        <Required key="113" type="2" schemaName="defaultpricelevelid" displayName="Price List" parentSchemaName="contact" parentDisplayName="Contact" solution="msdynce_ProductManagement (9.0.4.0066)" />
        <Dependent key="112" type="60" displayName="Information" parentDisplayName="Contact" id="{894cc46a-b0cb-4ab0-8bf6-200544e46a2d}" />
      </MissingDependency>
      <MissingDependency>
        <Required key="114" type="2" schemaName="originatingleadid" displayName="Originating Lead" parentSchemaName="contact" parentDisplayName="Contact" solution="msdynce_LeadManagement (9.0.4.0066)" />
        <Dependent key="112" type="60" displayName="Information" parentDisplayName="Contact" id="{894cc46a-b0cb-4ab0-8bf6-200544e46a2d}" />
      </MissingDependency>
      <MissingDependency>
        <Required key="115" type="2" schemaName="preferredserviceid" displayName="Preferred Service" parentSchemaName="contact" parentDisplayName="Contact" solution="msdynce_Service (9.0.5.56)" />
        <Dependent key="112" type="60" displayName="Information" parentDisplayName="Contact" id="{894cc46a-b0cb-4ab0-8bf6-200544e46a2d}" />
      </MissingDependency>
      <MissingDependency>
        <Required key="116" type="2" schemaName="adx_createdbyportalcontactid" displayName="Created By (portal contact)" parentSchemaName="contact" parentDisplayName="Contact" solution="MicrosoftPartnerPipeline (8.3.0.3)" />
        <Dependent key="103" type="2" schemaName="parentcustomerid" displayName="Company Name" parentSchemaName="contact" parentDisplayName="Contact" />
      </MissingDependency>
      <MissingDependency>
        <Required key="117" type="2" schemaName="msdyncrm_marketingpageid" displayName="Source landing page" parentSchemaName="contact" parentDisplayName="Contact" solution="MicrosoftDynamics_Marketing (1.35.1026.0)" />
        <Dependent key="59" type="10" schemaName="msdyncrm_msdyncrm_marketingpage_contact_marketingpageid" displayName="msdyncrm_msdyncrm_marketingpage_contact_marketingpageid" parentSchemaName="msdyncrm_marketingpage" parentDisplayName="Marketing page" />
      </MissingDependency>
      <MissingDependency>
        <Required key="118" type="2" schemaName="msdyncrm_customerjourneyid" displayName="Source customer journey" parentSchemaName="contact" parentDisplayName="Contact" solution="MicrosoftDynamics_Marketing (1.35.1026.0)" />
        <Dependent key="55" type="10" schemaName="msdyncrm_msdyncrm_customerjourney_contact_customerjourneyid" displayName="msdyncrm_msdyncrm_customerjourney_contact_customerjourneyid" parentSchemaName="msdyncrm_customerjourney" parentDisplayName="Customer journey" />
      </MissingDependency>
      <MissingDependency>
        <Required key="53" type="10" schemaName="msevtmgt_checkin_contact" displayName="msevtmgt_checkin_contact" parentSchemaName="msevtmgt_checkin" parentDisplayName="Check-in" solution="MicrosoftDynamics_EventManagement (1.12.1006.0)" />
        <Dependent key="53" type="10" schemaName="msevtmgt_checkin_contact" displayName="msevtmgt_checkin_contact" parentSchemaName="msevtmgt_checkin" parentDisplayName="Check-in" />
      </MissingDependency>
      <MissingDependency>
        <Required key="52" type="10" schemaName="msdyncrm_msdyncrm_marketingform_contact_marketingformid" displayName="msdyncrm_msdyncrm_marketingform_contact_marketingformid" parentSchemaName="msdyncrm_marketingform" parentDisplayName="Marketing form" solution="MicrosoftDynamics_Marketing (1.35.1026.0)" />
        <Dependent key="52" type="10" schemaName="msdyncrm_msdyncrm_marketingform_contact_marketingformid" displayName="msdyncrm_msdyncrm_marketingform_contact_marketingformid" parentSchemaName="msdyncrm_marketingform" parentDisplayName="Marketing form" />
      </MissingDependency>
      <MissingDependency>
        <Required key="48" type="10" schemaName="msdyncrm_msdyncrm_segment_contact" displayName="msdyncrm_msdyncrm_segment_contact" parentSchemaName="msdyncrm_segment" parentDisplayName="Segment" solution="MicrosoftDynamics_Marketing (1.35.1026.0)" />
        <Dependent key="48" type="10" schemaName="msdyncrm_msdyncrm_segment_contact" displayName="msdyncrm_msdyncrm_segment_contact" parentSchemaName="msdyncrm_segment" parentDisplayName="Segment" />
      </MissingDependency>
      <MissingDependency>
        <Required key="61" type="10" schemaName="adx_portallanguage_contact" displayName="adx_portallanguage_contact" parentSchemaName="contact" parentDisplayName="Contact" solution="MicrosoftCrmPortalBase (9.0.12.10)" />
        <Dependent key="61" type="10" schemaName="adx_portallanguage_contact" displayName="adx_portallanguage_contact" parentSchemaName="contact" parentDisplayName="Contact" />
      </MissingDependency>
      <MissingDependency>
        <Required key="50" type="10" schemaName="msdyncrm_msdyncrm_marketingemail_contact_emailid" displayName="msdyncrm_msdyncrm_marketingemail_contact_emailid" parentSchemaName="msdyncrm_marketingemail" parentDisplayName="Marketing email" solution="MicrosoftDynamics_Marketing (1.35.1026.0)" />
        <Dependent key="50" type="10" schemaName="msdyncrm_msdyncrm_marketingemail_contact_emailid" displayName="msdyncrm_msdyncrm_marketingemail_contact_emailid" parentSchemaName="msdyncrm_marketingemail" parentDisplayName="Marketing email" />
      </MissingDependency>
      <MissingDependency>
        <Required key="59" type="10" schemaName="msdyncrm_msdyncrm_marketingpage_contact_marketingpageid" displayName="msdyncrm_msdyncrm_marketingpage_contact_marketingpageid" parentSchemaName="msdyncrm_marketingpage" parentDisplayName="Marketing page" solution="MicrosoftDynamics_Marketing (1.35.1026.0)" />
        <Dependent key="59" type="10" schemaName="msdyncrm_msdyncrm_marketingpage_contact_marketingpageid" displayName="msdyncrm_msdyncrm_marketingpage_contact_marketingpageid" parentSchemaName="msdyncrm_marketingpage" parentDisplayName="Marketing page" />
      </MissingDependency>
      <MissingDependency>
        <Required key="55" type="10" schemaName="msdyncrm_msdyncrm_customerjourney_contact_customerjourneyid" displayName="msdyncrm_msdyncrm_customerjourney_contact_customerjourneyid" parentSchemaName="msdyncrm_customerjourney" parentDisplayName="Customer journey" solution="MicrosoftDynamics_Marketing (1.35.1026.0)" />
        <Dependent key="55" type="10" schemaName="msdyncrm_msdyncrm_customerjourney_contact_customerjourneyid" displayName="msdyncrm_msdyncrm_customerjourney_contact_customerjourneyid" parentSchemaName="msdyncrm_customerjourney" parentDisplayName="Customer journey" />
      </MissingDependency>
      <MissingDependency>
        <Required key="57" type="10" schemaName="msevtmgt_msevtmgt_event_contact_originatingeventid" displayName="msevtmgt_msevtmgt_event_contact_originatingeventid" parentSchemaName="msevtmgt_event" parentDisplayName="Event" solution="MicrosoftDynamics_EventManagement (1.12.1006.0)" />
        <Dependent key="57" type="10" schemaName="msevtmgt_msevtmgt_event_contact_originatingeventid" displayName="msevtmgt_msevtmgt_event_contact_originatingeventid" parentSchemaName="msevtmgt_event" parentDisplayName="Event" />
      </MissingDependency>
      <MissingDependency>
        <Required key="119" type="10" schemaName="adx_created_by_portal_contact" displayName="adx_created_by_portal_contact" parentSchemaName="contact" parentDisplayName="Contact" solution="MicrosoftPartnerPipeline (8.3.0.3)" />
        <Dependent key="120" type="2" schemaName="adx_createdbyportalcontactidyominame" parentSchemaName="contact" parentDisplayName="Contact" />
      </MissingDependency>
      <MissingDependency>
        <Required key="52" type="10" schemaName="msdyncrm_msdyncrm_marketingform_contact_marketingformid" displayName="msdyncrm_msdyncrm_marketingform_contact_marketingformid" parentSchemaName="msdyncrm_marketingform" parentDisplayName="Marketing form" solution="MicrosoftDynamics_Marketing (1.35.1026.0)" />
        <Dependent key="121" type="2" schemaName="msdyncrm_marketingformidname" parentSchemaName="contact" parentDisplayName="Contact" />
      </MissingDependency>
      <MissingDependency>
        <Required key="119" type="10" schemaName="adx_created_by_portal_contact" displayName="adx_created_by_portal_contact" parentSchemaName="contact" parentDisplayName="Contact" solution="MicrosoftPartnerPipeline (8.3.0.3)" />
        <Dependent key="122" type="2" schemaName="adx_createdbyportalcontactidname" parentSchemaName="contact" parentDisplayName="Contact" />
      </MissingDependency>
      <MissingDependency>
        <Required key="123" type="10" schemaName="msa_contact_managingpartner" displayName="msa_contact_managingpartner" parentSchemaName="contact" parentDisplayName="Contact" solution="MicrosoftCrmPortalDependencies (9.0.12.10)" />
        <Dependent key="124" type="2" schemaName="msa_managingpartneridyominame" parentSchemaName="contact" parentDisplayName="Contact" />
      </MissingDependency>
      <MissingDependency>
        <Required key="125" type="10" schemaName="msgdpr_contact_msgdpr_gdprparent" displayName="msgdpr_contact_msgdpr_gdprparent" parentSchemaName="contact" parentDisplayName="Contact" solution="MicrosoftDynamics_MktConsentManagement (1.35.1026.0)" />
        <Dependent key="126" type="2" schemaName="msgdpr_gdprparentidyominame" parentSchemaName="contact" parentDisplayName="Contact" />
      </MissingDependency>
      <MissingDependency>
        <Required key="57" type="10" schemaName="msevtmgt_msevtmgt_event_contact_originatingeventid" displayName="msevtmgt_msevtmgt_event_contact_originatingeventid" parentSchemaName="msevtmgt_event" parentDisplayName="Event" solution="MicrosoftDynamics_EventManagement (1.12.1006.0)" />
        <Dependent key="127" type="2" schemaName="msevtmgt_originatingeventidname" parentSchemaName="contact" parentDisplayName="Contact" />
      </MissingDependency>
      <MissingDependency>
        <Required key="55" type="10" schemaName="msdyncrm_msdyncrm_customerjourney_contact_customerjourneyid" displayName="msdyncrm_msdyncrm_customerjourney_contact_customerjourneyid" parentSchemaName="msdyncrm_customerjourney" parentDisplayName="Customer journey" solution="MicrosoftDynamics_Marketing (1.35.1026.0)" />
        <Dependent key="128" type="2" schemaName="msdyncrm_customerjourneyidname" parentSchemaName="contact" parentDisplayName="Contact" />
      </MissingDependency>
      <MissingDependency>
        <Required key="125" type="10" schemaName="msgdpr_contact_msgdpr_gdprparent" displayName="msgdpr_contact_msgdpr_gdprparent" parentSchemaName="contact" parentDisplayName="Contact" solution="MicrosoftDynamics_MktConsentManagement (1.35.1026.0)" />
        <Dependent key="129" type="2" schemaName="msgdpr_gdprparentidname" parentSchemaName="contact" parentDisplayName="Contact" />
      </MissingDependency>
      <MissingDependency>
        <Required key="59" type="10" schemaName="msdyncrm_msdyncrm_marketingpage_contact_marketingpageid" displayName="msdyncrm_msdyncrm_marketingpage_contact_marketingpageid" parentSchemaName="msdyncrm_marketingpage" parentDisplayName="Marketing page" solution="MicrosoftDynamics_Marketing (1.35.1026.0)" />
        <Dependent key="130" type="2" schemaName="msdyncrm_marketingpageidname" parentSchemaName="contact" parentDisplayName="Contact" />
      </MissingDependency>
      <MissingDependency>
        <Required key="61" type="10" schemaName="adx_portallanguage_contact" displayName="adx_portallanguage_contact" parentSchemaName="contact" parentDisplayName="Contact" solution="MicrosoftCrmPortalBase (9.0.12.10)" />
        <Dependent key="131" type="2" schemaName="adx_preferredlanguageidname" parentSchemaName="contact" parentDisplayName="Contact" />
      </MissingDependency>
      <MissingDependency>
        <Required key="50" type="10" schemaName="msdyncrm_msdyncrm_marketingemail_contact_emailid" displayName="msdyncrm_msdyncrm_marketingemail_contact_emailid" parentSchemaName="msdyncrm_marketingemail" parentDisplayName="Marketing email" solution="MicrosoftDynamics_Marketing (1.35.1026.0)" />
        <Dependent key="132" type="2" schemaName="msdyncrm_emailidname" parentSchemaName="contact" parentDisplayName="Contact" />
      </MissingDependency>
      <MissingDependency>
        <Required key="48" type="10" schemaName="msdyncrm_msdyncrm_segment_contact" displayName="msdyncrm_msdyncrm_segment_contact" parentSchemaName="msdyncrm_segment" parentDisplayName="Segment" solution="MicrosoftDynamics_Marketing (1.35.1026.0)" />
        <Dependent key="133" type="2" schemaName="msdyncrm_segmentmemberidname" parentSchemaName="contact" parentDisplayName="Contact" />
      </MissingDependency>
      <MissingDependency>
        <Required key="123" type="10" schemaName="msa_contact_managingpartner" displayName="msa_contact_managingpartner" parentSchemaName="contact" parentDisplayName="Contact" solution="MicrosoftCrmPortalDependencies (9.0.12.10)" />
        <Dependent key="134" type="2" schemaName="msa_managingpartneridname" parentSchemaName="contact" parentDisplayName="Contact" />
      </MissingDependency>
      <MissingDependency>
        <Required key="53" type="10" schemaName="msevtmgt_checkin_contact" displayName="msevtmgt_checkin_contact" parentSchemaName="msevtmgt_checkin" parentDisplayName="Check-in" solution="MicrosoftDynamics_EventManagement (1.12.1006.0)" />
        <Dependent key="135" type="2" schemaName="msevtmgt_contactidname" parentSchemaName="contact" parentDisplayName="Contact" />
      </MissingDependency>
      <MissingDependency>
        <Required key="136" type="26" schemaName="Active Services" displayName="Active Services" parentSchemaName="service" parentDisplayName="Service" solution="msdynce_Service (9.0.5.56)" id="{2bd4de5e-a7b4-4f5d-8fde-eb3b62d8e2b2}" />
        <Dependent key="112" type="60" displayName="Information" parentDisplayName="Contact" id="{894cc46a-b0cb-4ab0-8bf6-200544e46a2d}" />
      </MissingDependency>
      <MissingDependency>
        <Required key="137" type="60" displayName="Web Form" parentDisplayName="Lead" solution="MicrosoftCrmPortalBase (9.0.12.10)" id="{a4b9a944-d016-4525-af77-08aa84308307}" />
        <Dependent key="137" type="60" displayName="Web Form" parentDisplayName="Lead" id="{a4b9a944-d016-4525-af77-08aa84308307}" />
      </MissingDependency>
      <MissingDependency>
        <Required key="112" type="60" displayName="Information" parentDisplayName="Contact" solution="msdynce_AppCommon (9.0.4.0066)" id="{894cc46a-b0cb-4ab0-8bf6-200544e46a2d}" />
        <Dependent key="112" type="60" displayName="Information" parentDisplayName="Contact" id="{894cc46a-b0cb-4ab0-8bf6-200544e46a2d}" />
      </MissingDependency>
      <MissingDependency>
        <Required key="138" type="61" schemaName="msdyn_/ActivityFeeds.Form.js" displayName="msdyn_/ActivityFeeds.Form.js" solution="ActivityFeedsCore (9.0.0.0)" />
        <Dependent key="112" type="60" displayName="Information" parentDisplayName="Contact" id="{894cc46a-b0cb-4ab0-8bf6-200544e46a2d}" />
      </MissingDependency>
      <MissingDependency>
        <Required key="139" type="61" schemaName="msdyn_/RecordWall.htm" displayName="msdyn_/RecordWall.htm" solution="ActivityFeedsCore (9.0.0.0)" />
        <Dependent key="112" type="60" displayName="Information" parentDisplayName="Contact" id="{894cc46a-b0cb-4ab0-8bf6-200544e46a2d}" />
      </MissingDependency>
    </MissingDependencies>
  </SolutionManifest>
</ImportExportXml>