{"schemaVersion":"1.0","appDefinitionTemplate":{"id":"/providers/Microsoft.PowerApps/apps/","type":"Microsoft.PowerApps/apps","tags":{"minimumRequiredApiVersion":"2.2.0","primaryDeviceWidth":"1366","primaryDeviceHeight":"768","sienaVersion":"20201013T075014Z-3.20094.24.0","deviceCapabilities":"","supportsPortrait":"false","supportsLandscape":"true","primaryFormFactor":"Tablet","publisherVersion":"3.20094.24","hasComponent":"false","hasNonOOBComponent":"false","hasUnlockedComponent":"false","isUnifiedRootApp":"false"},"properties":{"appVersion":"2020-10-13T07:50:14Z","lifeCycleId":"Published","createdByClientVersion":{"major":3,"minor":20094,"build":24,"revision":0,"majorRevision":0,"minorRevision":0},"minClientVersion":{"major":3,"minor":20094,"build":24,"revision":0,"majorRevision":0,"minorRevision":0},"backgroundColor":"rgba(0, 99, 177, 1)","backgroundImageUri":"/3745474532672379425/N6880f2f5-e64a-4a05-a8cd-2a0c6fc26f81-logoSmallFile","displayName":"Nova Property Listing","description":"Ứng dụng quản lý sản phẩm ký gửi","commitMessage":"","appUris":{"documentUri":{"value":"/3745474532672379425/Ncfaefaf3-2d49-4a94-8eeb-40fed8e2ab51-document.msapp"},"imageUris":[]},"createdTime":"0001-01-01T00:00:00Z","lastModifiedTime":"0001-01-01T00:00:00Z","sharedGroupsCount":0,"sharedUsersCount":0,"icons":{"smallIconUri":"/3745474532672379425/N87a12b08-02d7-4ea8-b76e-fa56b46af711-small.png","mediumIconUri":"/3745474532672379425/Ncb71af53-b577-4d13-b6be-99a88a2c940a-medium.png","largeIconUri":"/3745474532672379425/Ne83733f1-7a76-43cd-ba85-90a43b9555af-large.png","wideIconUri":"/3745474532672379425/N1e4c2d29-bac5-43b8-a651-14f0a835479d-wide.png"},"connectionReferences":{"c16e9f81-e2b1-4668-85c8-81a5c2a25084":{"id":"4b0e472a-d7c7-4455-9516-b6bcb600aedf","displayName":"Office 365 Users","iconUri":"https://connectoricons-prod.azureedge.net/releases/v1.0.1402/1.0.1402.2163/office365users/icon.png","dataSources":["Office365Users"],"dependencies":[],"dependents":[],"parameterHints":{},"isOnPremiseConnection":false,"bypassConsent":false,"dataSets":{},"apiTier":"Standard","isCustomApiConnection":false},"8cacfbf2-c265-4e39-b1b0-f5b9f83e2001":{"id":"19cc4933-5a7e-4f0d-9b3d-1569d0a6698c","displayName":"SharePoint","iconUri":"https://connectoricons-prod.azureedge.net/releases/v1.0.1402/1.0.1402.2163/sharepointonline/icon.png","dataSources":["Nova Property Listing","Nova Property Listing Requests","Nova Property Listing Roles","Nova Property Listing House Units 200731"],"dependencies":[],"dependents":[],"parameterHints":{},"isOnPremiseConnection":false,"bypassConsent":false,"dataSets":{"https://novaland.sharepoint.com/Sale/PropertyListing":{"dataSources":{"Nova Property Listing":{"tableName":"b57cd2a3-c031-4520-b858-af631c096ace"},"Nova Property Listing Requests":{"tableName":"cfe8fd5b-f86f-499d-8dbd-c01467a542eb"},"Nova Property Listing Roles":{"tableName":"163feb18-77dc-41cb-b5d1-961555c61759"},"Nova Property Listing House Units 200731":{"tableName":"72c72ab2-0d96-4f9f-a475-0807bccce980"}}}},"apiTier":"Standard","isCustomApiConnection":false}},"databaseReferences":{},"almMode":"Solution","performanceOptimizationEnabled":false,"executionRestrictions":{"isTeamsOnly":false,"dataLossPreventionEvaluationResult":{"status":"Compliant","lastEvaluationDate":"2020-10-26T03:53:21.4860119Z","violationDetails":[]}}},"isAppComponentLibrary":false,"appType":"ClassicCanvasApp","appComponents":[]}}