{"properties":{"connectionReferences":{"shared_approvals":{"runtimeSource":"embedded","connection":{},"api":{"name":"shared_approvals"}},"shared_commondataservice":{"runtimeSource":"embedded","connection":{},"api":{"name":"shared_commondataservice"}},"shared_office365":{"runtimeSource":"embedded","connection":{},"api":{"name":"shared_office365"}}},"definition":{"$schema":"https://schema.management.azure.com/providers/Microsoft.Logic/schemas/2016-06-01/workflowdefinition.json#","contentVersion":"1.0.0.0","parameters":{"$connections":{"defaultValue":{},"type":"Object"},"$authentication":{"defaultValue":{},"type":"SecureObject"}},"triggers":{"When_a_record_is_created":{"metadata":{"flowSystemMetadata":{"swaggerOperationId":"SubscribeOnNewItems"}},"type":"ApiConnectionWebhook","inputs":{"host":{"connection":{"name":"@parameters('$connections')['shared_commondataservice']['connectionId']"}},"body":{"NotificationUrl":"@{listCallbackUrl()}"},"path":"/datasets/@{encodeURIComponent(encodeURIComponent('orge1062e12.crm'))}/tables/@{encodeURIComponent(encodeURIComponent('cr680_deviceorders'))}/onnewitemswebhook","queries":{"scope":"Organization"},"authentication":"@parameters('$authentication')"}}},"actions":{"Start_and_wait_for_an_approval":{"runAfter":{},"metadata":{"flowSystemMetadata":{"swaggerOperationId":"StartAndWaitForAnApproval"}},"type":"ApiConnectionWebhook","inputs":{"host":{"connection":{"name":"@parameters('$connections')['shared_approvals']['connectionId']"}},"body":{"notificationUrl":"@{listCallbackUrl()}","title":"New device request for @{triggerBody()?['cr680_devicename']}","assignedTo":"@triggerBody()?['cr680_approver']","details":"A new device has been requested\n@{triggerBody()?['cr680_devicename']} $@{triggerBody()?['cr680_price']}\nDepartment contribution $@{triggerBody()?['cr680_departmentcontribution']}\nComment: @{triggerBody()?['cr680_comments']}","requestor":"@triggerBody()?['cr680_requestedby']","enableNotifications":true,"enableReassignment":true},"path":"/types/@{encodeURIComponent('Basic')}/subscriptions","authentication":"@parameters('$authentication')"}},"Condition":{"actions":{"Update_a_record":{"runAfter":{},"metadata":{"flowSystemMetadata":{"swaggerOperationId":"PatchItem_V2"}},"type":"ApiConnection","inputs":{"host":{"connection":{"name":"@parameters('$connections')['shared_commondataservice']['connectionId']"}},"method":"patch","body":{"cr680_approvaloptionset":863130000,"cr680_approveddate":"@{utcNow()}","cr680_comments":"@triggerBody()?['cr680_comments']"},"path":"/v2/datasets/@{encodeURIComponent(encodeURIComponent('orge1062e12.crm'))}/tables/@{encodeURIComponent(encodeURIComponent('cr680_deviceorders'))}/items/@{encodeURIComponent(encodeURIComponent(triggerBody()?['cr680_deviceorderid']))}","authentication":"@parameters('$authentication')"}},"Send_an_email_(V2)":{"runAfter":{"Update_a_record":["Succeeded"]},"metadata":{"flowSystemMetadata":{"swaggerOperationId":"SendEmailV2"}},"type":"ApiConnection","inputs":{"host":{"connection":{"name":"@parameters('$connections')['shared_office365']['connectionId']"}},"method":"post","body":{"To":"@body('Update_a_record')?['cr680_requestedby']","Subject":"Your device order has been approved","Body":"<p>Your device has been appoved <b>@{body('Update_a_record')?['cr680_devicename']}</b><br>\nEstimated ship date: <b>@{body('Update_a_record')?['cr680_estimatedshipdate']}<b><br>\n@{body('Start_and_wait_for_an_approval')?['responseSummary']}</p>"},"path":"/v2/Mail","authentication":"@parameters('$authentication')"}}},"runAfter":{"Start_and_wait_for_an_approval":["Succeeded"]},"else":{"actions":{"Update_a_record_2":{"runAfter":{},"type":"ApiConnection","inputs":{"host":{"connection":{"name":"@parameters('$connections')['shared_commondataservice']['connectionId']"}},"method":"patch","body":{"cr680_approvaloptionset":863130001},"path":"/v2/datasets/@{encodeURIComponent(encodeURIComponent('orge1062e12.crm'))}/tables/@{encodeURIComponent(encodeURIComponent('cr680_deviceorders'))}/items/@{encodeURIComponent(encodeURIComponent(triggerBody()?['cr680_deviceorderid']))}","authentication":"@parameters('$authentication')"}},"Send_an_email_(V2)_2":{"runAfter":{"Update_a_record_2":["Succeeded"]},"type":"ApiConnection","inputs":{"host":{"connection":{"name":"@parameters('$connections')['shared_office365']['connectionId']"}},"method":"post","body":{"To":"@body('Update_a_record_2')?['cr680_requestedby']","Subject":"Your device was not approved","Body":"<p>Sorry your requests for @{body('Update_a_record_2')?['cr680_devicename']} was NOT APPROVED<br>\n@{body('Start_and_wait_for_an_approval')?['responseSummary']}</p>","Cc":"@body('Update_a_record_2')?['cr680_approver']"},"path":"/v2/Mail","authentication":"@parameters('$authentication')"}}}},"expression":{"equals":["@body('Start_and_wait_for_an_approval')?['outcome']","Approve"]},"type":"If"}}}},"schemaVersion":"1.0.0.0"}