{"schemaVersion":"1.0","appDefinitionTemplate":{"id":"/providers/Microsoft.PowerApps/apps/","type":"Microsoft.PowerApps/apps","tags":{"primaryDeviceWidth":"640","primaryDeviceHeight":"1136","sienaVersion":"20200811T082325Z-3.20074.20.0","deviceCapabilities":"","supportsPortrait":"true","supportsLandscape":"false","primaryFormFactor":"Phone","publisherVersion":"3.20074.20","minimumRequiredApiVersion":"2.2.0","hasComponent":"false","hasUnlockedComponent":"false","isUnifiedRootApp":"false"},"properties":{"appVersion":"2020-08-11T08:23:25Z","lifeCycleId":"Published","createdByClientVersion":{"major":3,"minor":20074,"build":20,"revision":0,"majorRevision":0,"minorRevision":0},"minClientVersion":{"major":3,"minor":20074,"build":20,"revision":0,"majorRevision":0,"minorRevision":0},"backgroundColor":"rgba(0, 99, 177, 1)","backgroundImageUri":"/4013979206787402256/N17777a03-a22e-4a2b-92ea-1af5a0cd0527-logoSmallFile","displayName":"NovaLoyalty Benefit Register","description":"Đăng ký sử dụng ưu đãi Novaloyalty","commitMessage":"updated edit and delete buttons status","appUris":{"documentUri":{"value":"/4013979206787402256/N8e0d3f60-a9b4-408a-8ffc-5dfacf3f08aa-document.msapp"},"imageUris":[]},"createdTime":"0001-01-01T00:00:00Z","lastModifiedTime":"0001-01-01T00:00:00Z","sharedGroupsCount":0,"sharedUsersCount":0,"icons":{"smallIconUri":"/4013979206787402256/N64b37a97-a5e8-48b5-a8f4-0d59a069b092-small.png","mediumIconUri":"/4013979206787402256/N4c1e2ee4-0401-45e1-b209-53a40553e489-medium.png","largeIconUri":"/4013979206787402256/Nd64880fe-67ae-45e1-ac30-43d12679d2e3-large.png","wideIconUri":"/4013979206787402256/N0919696d-ea07-46f6-bf19-3b63f40e82e5-wide.png"},"connectionReferences":{"3808ada3-8278-4af9-b29c-bf0441b99f5d":{"id":"19cc4933-5a7e-4f0d-9b3d-1569d0a6698c","displayName":"SharePoint","iconUri":"https://connectoricons-prod.azureedge.net/releases/v1.0.1371/1.0.1371.2074/sharepointonline/icon.png","dataSources":["XNGDC"],"dependencies":[],"dependents":[],"parameterHints":{},"isOnPremiseConnection":false,"bypassConsent":false,"dataSets":{"https://novaland.sharepoint.com/Sale/CCD":{"dataSources":{"XNGDC":{"tableName":"4fb84afe-53b9-4e96-a69e-8da523419818"}}}},"apiTier":"Standard","isCustomApiConnection":false}},"databaseReferences":{},"almMode":"Solution","performanceOptimizationEnabled":false,"canConsumeAppPass":true,"executionRestrictions":{"isTeamsOnly":false,"dataLossPreventionEvaluationResult":{"status":"Compliant","lastEvaluationDate":"2020-10-30T18:11:43.7056616Z","violationDetails":[]}}},"isAppComponentLibrary":false,"appType":"ClassicCanvasApp","appComponents":[]}}