{"schemaVersion":"1.0","appDefinitionTemplate":{"id":"/providers/Microsoft.PowerApps/apps/","type":"Microsoft.PowerApps/apps","tags":{"primaryDeviceWidth":"1366","primaryDeviceHeight":"768","sienaVersion":"20210131T150917Z-3.21013.19.0","deviceCapabilities":"","supportsPortrait":"false","supportsLandscape":"true","primaryFormFactor":"Tablet","publisherVersion":"3.21013.19","minimumRequiredApiVersion":"2.2.0","hasComponent":"true","hasUnlockedComponent":"true","isUnifiedRootApp":"false"},"properties":{"appVersion":"2021-01-31T15:09:17Z","lifeCycleId":"Published","createdByClientVersion":{"major":3,"minor":21013,"build":19,"revision":0,"majorRevision":0,"minorRevision":0},"minClientVersion":{"major":3,"minor":21013,"build":19,"revision":0,"majorRevision":0,"minorRevision":0},"backgroundColor":"rgba(0, 176, 240, 1)","backgroundImageUri":"/17816838823602509885/N26a0a95d-b573-4ddd-9fdd-386c966a2841-logoSmallFile","displayName":"[Poc]Left Navigator","description":"","commitMessage":"","appUris":{"documentUri":{"value":"/17816838823602509885/Nfe9a7832-aaa4-495a-a17e-1d8d7ba1c471-document.msapp"},"imageUris":[]},"createdTime":"0001-01-01T00:00:00Z","lastModifiedTime":"0001-01-01T00:00:00Z","sharedGroupsCount":0,"sharedUsersCount":0,"icons":{"smallIconUri":"/17816838823602509885/Nbd4e06be-6a9a-44ec-b3ef-8fdeb4076ba7-small.png","mediumIconUri":"/17816838823602509885/N7f043d6f-132b-4eba-aa49-2e72d4f722c5-medium.png","largeIconUri":"/17816838823602509885/Nc15a12e2-e15f-4970-b5db-290ec220b83f-large.png","wideIconUri":"/17816838823602509885/Nb4e42f79-f1d9-4a7a-adb3-88c34b774fd9-wide.png"},"connectionReferences":{},"databaseReferences":{},"almMode":"Solution","performanceOptimizationEnabled":true,"canConsumeAppPass":true,"executionRestrictions":{"isTeamsOnly":false,"dataLossPreventionEvaluationResult":{"status":"Compliant","lastEvaluationDate":"2021-01-29T15:56:08.2774728Z","violationDetails":[]}}},"isAppComponentLibrary":false,"appType":"ClassicCanvasApp","appComponents":[]}}