{"schemaVersion":"1.0","appDefinitionTemplate":{"id":"/providers/Microsoft.PowerApps/apps/","type":"Microsoft.PowerApps/apps","tags":{"primaryDeviceWidth":"1366","primaryDeviceHeight":"768","sienaVersion":"20200704T022639Z-3.20062.23.0","deviceCapabilities":"","supportsPortrait":"false","supportsLandscape":"true","primaryFormFactor":"Tablet","publisherVersion":"3.20062.23","minimumRequiredApiVersion":"2.2.0","hasComponent":"false","hasUnlockedComponent":"false","isUnifiedRootApp":"false"},"properties":{"appVersion":"2020-07-04T02:26:39Z","lifeCycleId":"Published","createdByClientVersion":{"major":3,"minor":20062,"build":23,"revision":0,"majorRevision":0,"minorRevision":0},"minClientVersion":{"major":3,"minor":20062,"build":23,"revision":0,"majorRevision":0,"minorRevision":0},"backgroundColor":"rgba(0, 176, 240, 1)","backgroundImageUri":"/15923981179446812201/N3abe6d0d-29b5-4411-add6-4f361070dd96-dxc_attendanceapp_30de0_BackgroundImageUri","displayName":"Attendance App","description":"","commitMessage":"","appUris":{"documentUri":{"value":"/15923981179446812201/Nea24e594-335c-4b1d-9613-3f2441be2b31-dxc_attendanceapp_30de0_DocumentUri.msapp","readonlyValue":"/15923981179446812201/Nea24e594-335c-4b1d-9613-3f2441be2b31-dxc_attendanceapp_30de0_DocumentUri.msapp"},"imageUris":[]},"createdTime":"0001-01-01T00:00:00Z","lastModifiedTime":"0001-01-01T00:00:00Z","sharedGroupsCount":0,"sharedUsersCount":0,"icons":{"smallIconUri":"/15923981179446812201/N52ab2d91-e181-4332-b3a3-b6becf5cffac-small.png","mediumIconUri":"/15923981179446812201/Na97d2b81-005b-48a4-a8d6-a5e0e66644e3-medium.png","largeIconUri":"/15923981179446812201/Nf501427f-dd8a-46e3-8d6f-808d348e72c1-large.png","wideIconUri":"/15923981179446812201/N95c67a00-620d-4fca-821e-1ccd470f7ef5-wide.png"},"connectionReferences":{"6f72918a-7921-fa64-14bf-78187ad1b172":{"id":"008c4eeb-c0ed-4227-94c6-7d405c588a61","displayName":"Office 365 Users","iconUri":"https://connectoricons-prod.azureedge.net/office365users/icon_1.0.1357.2029.png","dataSources":["Office365Users"],"dependencies":[],"dependents":[],"parameterHints":{},"isOnPremiseConnection":false,"bypassConsent":false,"dataSets":{},"apiTier":"Standard","isCustomApiConnection":false},"3d08df1a-c8f0-4fc6-8115-bc671ed3b356":{"id":"062c7b7d-dbe8-4a1c-b4bd-619ef320816b","displayName":"Office 365 Outlook","iconUri":"https://connectoricons-prod.azureedge.net/office365/icon_1.0.1363.2042.png","dataSources":["Office365Outlook"],"dependencies":[],"dependents":[],"parameterHints":{},"isOnPremiseConnection":false,"bypassConsent":false,"dataSets":{},"apiTier":"Standard","isCustomApiConnection":false},"7ad71a91-6e6e-4c15-aa0c-2b7392a0fedc":{"id":"a4827d6e-3d97-453d-ad09-11e030091c49","displayName":"Excel","iconUri":"https://connectoricons-prod.azureedge.net/excel/icon_1.0.1352.2012.png","dataSources":["Leave","Holidays","Balance","Leave5"],"dependencies":["8f5b13fb-05e3-4065-9b6e-653bc662f875"],"dependents":[],"parameterHints":{"8f5b13fb-05e3-4065-9b6e-653bc662f875":{"value":"fileSource"}},"isOnPremiseConnection":false,"bypassConsent":false,"dataSets":{"b!4qkhVrZocE2UiXcsUO9EVvjerOwTRqFIj8cHyUm0-4uYE06ofaOlTLJluNjJeqJH.01D32LP64S6Q2KX6DC6NAIYUAGO37MWORQ":{"dataSources":{"Leave":{"tableName":"Leave"},"Holidays":{"tableName":"Holidays"},"Balance":{"tableName":"Balance"},"Leave5":{"tableName":"Leave5"}}}},"apiTier":"Standard","isCustomApiConnection":false},"8f5b13fb-05e3-4065-9b6e-653bc662f875":{"id":"3690b8fc-69bf-4777-adcb-3bba93046149","displayName":"OneDrive for Business","iconUri":"https://connectoricons-prod.azureedge.net/onedriveforbusiness/icon_1.0.1341.1987.png","dataSources":[],"dependencies":[],"dependents":["7ad71a91-6e6e-4c15-aa0c-2b7392a0fedc"],"parameterHints":{},"isOnPremiseConnection":false,"bypassConsent":false,"dataSets":{},"apiTier":"Standard","isCustomApiConnection":false}},"databaseReferences":{},"almMode":"Solution"},"isAppComponentLibrary":false,"appType":"ClassicCanvasApp","appComponents":[]}}