{"schemaVersion":"1.0","appDefinitionTemplate":{"id":"/providers/Microsoft.PowerApps/apps/","type":"Microsoft.PowerApps/apps","tags":{"primaryDeviceWidth":"1366","primaryDeviceHeight":"768","sienaVersion":"20210205T100633Z-3.21014.33.0","deviceCapabilities":"","supportsPortrait":"false","supportsLandscape":"true","primaryFormFactor":"Tablet","publisherVersion":"3.21014.33","minimumRequiredApiVersion":"2.2.0","hasComponent":"true","hasUnlockedComponent":"true","isUnifiedRootApp":"false"},"properties":{"appVersion":"2021-02-05T10:06:33Z","lifeCycleId":"Published","createdByClientVersion":{"major":3,"minor":21014,"build":33,"revision":0,"majorRevision":0,"minorRevision":0},"minClientVersion":{"major":3,"minor":21014,"build":33,"revision":0,"majorRevision":0,"minorRevision":0},"backgroundColor":"rgba(0, 176, 240, 1)","backgroundImageUri":"/5923210386076947795/N2a981a62-ca65-42b9-98ab-d6c2d8c193a9-logoSmallFile","displayName":"[Poc]Timesheet Management","description":"","commitMessage":"","appUris":{"documentUri":{"value":"/5923210386076947795/Ndbd20afb-b946-4c73-af38-32e8324a93e6-document.msapp"},"imageUris":[]},"createdTime":"0001-01-01T00:00:00Z","lastModifiedTime":"0001-01-01T00:00:00Z","sharedGroupsCount":0,"sharedUsersCount":0,"icons":{"smallIconUri":"/5923210386076947795/N6a397995-8535-49b3-ba91-3ed5ddff693c-small.png","mediumIconUri":"/5923210386076947795/N9267dc7a-e131-4042-92d4-878efd607d19-medium.png","largeIconUri":"/5923210386076947795/N99f9ffba-06bc-4541-9f28-61a64dcb6abe-large.png","wideIconUri":"/5923210386076947795/Nd91445b1-674a-4d86-961d-130d5df60f4e-wide.png"},"connectionReferences":{},"databaseReferences":{},"almMode":"Solution","performanceOptimizationEnabled":true,"canConsumeAppPass":true,"executionRestrictions":{"isTeamsOnly":false,"dataLossPreventionEvaluationResult":{"status":"Compliant","lastEvaluationDate":"2021-01-29T07:49:35.7529958Z","violationDetails":[]}}},"isAppComponentLibrary":false,"appType":"ClassicCanvasApp","appComponents":[]}}