{"schemaVersion":"1.0","appDefinitionTemplate":{"id":"/providers/Microsoft.PowerApps/apps/","type":"Microsoft.PowerApps/apps","tags":{"primaryDeviceWidth":"1366","primaryDeviceHeight":"768","sienaVersion":"20210129T152433Z-3.21013.19.0","deviceCapabilities":"","supportsPortrait":"false","supportsLandscape":"true","primaryFormFactor":"Tablet","publisherVersion":"3.21013.19","minimumRequiredApiVersion":"2.2.0","hasComponent":"false","hasUnlockedComponent":"false","isUnifiedRootApp":"false"},"properties":{"appVersion":"2021-01-29T15:24:33Z","lifeCycleId":"Published","createdByClientVersion":{"major":3,"minor":21013,"build":19,"revision":0,"majorRevision":0,"minorRevision":0},"minClientVersion":{"major":3,"minor":21013,"build":19,"revision":0,"majorRevision":0,"minorRevision":0},"backgroundColor":"rgba(0, 176, 240, 1)","backgroundImageUri":"/5923210386076947795/N3b2b8b85-5a80-42be-b86d-f81f97239968-logoSmallFile","displayName":"[Poc]Navigator 1","description":"","commitMessage":"","appUris":{"documentUri":{"value":"/5923210386076947795/N70f39b82-f69f-46c0-b159-7b1c3e187230-document.msapp"},"imageUris":[]},"createdTime":"0001-01-01T00:00:00Z","lastModifiedTime":"0001-01-01T00:00:00Z","sharedGroupsCount":0,"sharedUsersCount":0,"icons":{"smallIconUri":"/5923210386076947795/N8e79602d-5259-4784-91d5-60f1aca6fe9a-small.png","mediumIconUri":"/5923210386076947795/N787fccc4-d156-45b7-846b-9c4c7687121a-medium.png","largeIconUri":"/5923210386076947795/N3e0e0998-546b-4e88-a3ec-04d5bc798fb5-large.png","wideIconUri":"/5923210386076947795/N41bca324-562a-4548-b421-d442e81a2104-wide.png"},"connectionReferences":{},"databaseReferences":{},"almMode":"Solution","performanceOptimizationEnabled":true,"canConsumeAppPass":true,"executionRestrictions":{"isTeamsOnly":false,"dataLossPreventionEvaluationResult":{"status":"Compliant","lastEvaluationDate":"2021-01-29T07:49:35.7529958Z","violationDetails":[]}}},"isAppComponentLibrary":false,"appType":"ClassicCanvasApp","appComponents":[]}}